Business Name,Zip Code,License Number,License Type,City
A TO Z WINEWORKS LLC,971326966,158858,22S,NEWBERG
A.R.T. LLC,993627308,273153,22S,WALLA WALLA
A.V. BRANDS, INC.,954769779,262853,LS,SONOMA
A.V.V. WINERY COMPANY LLC,954489642,147198,22S,HEALDSBURG
ABIGAIL ADAMS WINE CO.,945991369,274522,22S,YOUNTVILLE
ABITA BREWING COMPANY LLC,704200000,231298,22S,ABITA SPRINGS
ACCOLADE BRANDS INC.,916075930,270052,22S,STUDIO CITY
ACKERMAN FAMILY VINEYARDS LLC,945593874,280616,22S,NAPA
ACKLEY BRANDS LTD.,971168516,238512,22S,FOREST GROVE
ADAM PUCHTA & SON WINE COMPANY,650414103,57174,DOMW,HERMANN
ADVANTAGE INTERNATIONAL DISTRIBUTORS INC,331722636,239878,This is a juicy error,LS,DORAL
AGAINST THE GRAIN, LLC,402021110,267528,22S,LOUISVILLE
AGAVES LLC,64029,269833,LS,GRAIN VALLEY
AHA PARTNERS LLC,945089606,259181,22S,ANGWIN
AHA TORO SPIRITS INC.,981342029,267433,LS,SEATTLE
AHTEL WINES LLC,030550000,273457,22S,MILFORD
AI BOTTLING LLC,647351506,270503,LMS,CLINTON
"AIKO IMPORTERS INC.,29406,201556,LS;CHARLESTON"
AKA WINES LLC,954762805,261847,22S,SONOMA
ALAMBIC INC.,954826969,163289,LS,UKIAH
ALANI SELTZER LLC,402582880,277416,5S,LOUISVILLE
ALASKAN BREWING LLC,998019540,252677,22S,JUNEAU
ALBERT BICHOT USA, LLC,232331028,281335,22S,HENRICO
ALBONEE COUNTRY INN & VINEYARDS LLC,640573005,168129,DOMW,INDEPENDENCE
ALL BRAZILIAN IMPORT & EXPORT INC.,333228902,281719,LS,FORT LAUDERDALE
ALL STAR WINE IMPORTS LLC,44103,280501,22S,CLEVELAND
ALLIED IMPORTERS USA LTD.,112051072,163603,22S,BROOKLYN
ALLTECH'S BEVERAGE DIVISION, LLC,405082806,272896,LS,LEXINGTON
ALMA MADER, LLC,641082346,259367,22,MS,KANSAS CITY
ALPHA & OMEGA WINERY LLC,945730000,238992,22S,RUTHERFORD
ALPHA MARKETING NETWORK,331695714,203348,22S,MIAMI
ALPHABETA BREWERY LLC,631161802,248327,22MS,ST. LOUIS
ALTA WINES LLC,945586187,244700,22S,NAPA
ALTAMAR BRANDS LLC,926251928,215828,LS,CORONA DEL MAR
AMAVI, L.L.C.,993627007,279618,22S,WALLA WALLA
AMERICAN BEVERAGE CORPORATION,154141135,229608,LS,VERONA
AMERICAN ESTATES WINES INC.,079011904,152456,22S,SUMMIT
AMERICAN OUTLAW SPIRITS INC.,382591501,253048,LS,TRIMBLE
AMERICAN VINTAGE BEVERAGE INC.,606615644,223237,LS,CHICAGO
AMERISTAR CASINO KANSAS CITY LLC,64161,261063,MICB,KANSAS CITY
AMICI CELLARS INC.,945159728,226321,22S,CALISTOGA
AMICUS CELLARS II LLC,945586187,265377,22S,NAPA
AMPHORA IMPORTS LLC,554322515,270571,22S,FRIDLEY
ANDERS-LANE ARTISAN WINES LP,950373201,178188,22S,MORGAN HILL
ANDERSON'S CONN VALLEY WINERY, INC.,945749646,185613,22S,ST. HELENA
ANGRY SWEDE BREWING COMPANY, THE,645011705,268832,MICB,ST. JOSEPH
ANHEUSER-BUSCH LLC,631181849,205466,LS,ST. LOUIS
ANHEUSER-BUSCH LLC,631181849,205697,22MS,ST. LOUIS
ANN ARBOR BREWING COMPANY LLC,802392102,235930,LS,DENVER
ANNE HUBATCH-VINTNER LLC,972153522,268351,22S,PORTLAND
ANTHONY BOZZANO LLC,934013816,244702,22S,SAN LUIS OBISPO
ANTIPODEAN WINE LLC,111013841,272900,22S,LONG ISLAND CITY
ANXO LOGISTICS LLC,200115246,269538,22S,WASHINGTON
APPELLATION TRADING COMPANY LLC,945587590,280499,22S,NAPA
APPELLATIONS LP,945583853,265383,22S,NAPA
APPELT'S QUALITY LIQUORS WHOLESALE DIST.,633793812,252083,22S,TROY
APPLE CREEK VINEYARD & WINERY LLC,637477313,209334,22MS,FRIEDHEIM
AQUAM VINOS LLC,665020000,258990,22S,MANHATTAN
AQUILINI BRANDS USA INC,993628661,280212,LS,WALLA WALLA
ARANO LLC,334318510,257789,22S,BOCA RATON
ARCADIAN MOON VINEYARDS & WINERY LLC,640379162,217036,22MS,HIGGINSVILLE
ARCANA LLC,631332506,258378,LMS,ST. LOUIS
AREL GROUP WINES AND SPIRITS, INC.,300408233,141546,22S,CUMMING
ARETE WINES, LLC,934364970,278379,22S,LOMPOC
ARIETTA INC.,945749662,213303,22S,ST. HELENA
ARMIDA WINERY, INC.,954489342,279347,22S,HEALDSBURG
ARTISAN LLC, THE,636279041,280615,MICB,BLOOMSDALE
ARTISAN SPIRITS, LLC,630683206,201152,LMS,NEW HAVEN
ARTISANAL IMPORTS, INC.,786440000,169418,LS,LOCKHART
ARTY'S INC. PARTNERSHIP,549291669,237354,22S,CLINTONVILLE
ASAHI BEER U.S.A., INC.,905031688,270572,5S,TORRANCE
ASCENT WINES INC.,337076358,254572,22S,ST. PETERSBURG
ASGRAM LLC,331343803,273927,22S,MIAMI
ASPECT BEVERAGE LLC,64111,278303,LS,KANSAS CITY
ASSOCIATED BREWING COMPANY,551171325,255748,LS,ST. PAUL
ASV WINES INC.,950469561,53763,22S,SAN MARTIN
ATHENEE IMPORTERS & DISTRIBUTORS LTD,115512039,210241,22S,HEMPSTEAD
ATLAS DRINKS LLC,993628662,217480,22S,WALLA WALLA
ATLAS IMPORTS LLC,606544486,162672,22S,CHICAGO
ATOMIC BRANDS INC.,600104311,251395,LS,BARRINGTON
AUBREY FARMS LLC,660859059,228051,22S,OVERLAND PARK
AUGUST WINE GROUP LLC,981162812,131367,22S,SEATTLE
AUGUSTA BREWING VENTURE LLC,63090,278038,22MS,WASHINGTON
AUGUSTA WINE COMPANY,633321518,278359,LMS,AUGUSTA
AUGUSTA WINE COMPANY,633321703,278362,22MS,AUGUSTA
AUSA PACIFIC LLC,945151410,226061,22S,CALISTOGA
AUSTIN EASTCIDERS INC.,787441088,253281,22S,AUSTIN
AVALINE LTD.,954823015,281629,22S,UKIAH
AVERY BREWING COMPANY LLC,803013242,251112,22S,BOULDER
AXE AND THE OAK DISTILLERY, LLC,809164782,272902,LS,COLORADO SPRINGS
B. UNITED INTERNATIONAL INC.,068961325,190912,LS,REDDING
BACARDI U.S.A., INC.,331345809,176184,LS,CORAL GABLES
BACCHUS TECHNOLOGIES LLC,080541012,160505,22S,MT. LAUREL
BACCO WINE & SPIRIT, LLC,176021937,278375,22S,LANCASTER
BACK ALLEY IMPORTS LLC,941072632,273239,LS,SAN FRANCISCO
BACK HOME BREWING, LLC,65721,270906,MICB,OZARK
BACKYARD VINE & WINE LLC,644688465,235430,22MS,MARYVILLE
BAD BEAR ENTERPRISES LLC,514012327,255744,LS,CARROLL
BADGER MOUNTAIN INC.,993387337,111954,22S,KENNEWICK
BALEARIC BEVERAGE DISTRIBUTORS INC.,220791432,214564,22S,LORTON
BALTIMORE BEND VINEYARD LLC,640969153,159464,22MS,WAVERLY
BALUARTE SPIRITS LLC,782584946,280256,LS,SAN ANTONIO
BANFI PRODUCTS CORPORATION,115452109,56478,LS,OLD BROOKVILLE
BANTER BREWING COMPANY LLC,658102660,279040,MICB,SPRINGFIELD
BANVILLE & JONES WINE MERCHANTS INC.,100162602,246603,LS,NEW YORK
BARGETTO'S SANTA CRUZ WINERY,950732530,61594,22S,SOQUEL
BARRA FAMILY WINES, LLC,954706105,275333,22S,REDWOOD VALLEY
BARREL 27 WINE COMPANY,934469781,275993,22S,PASO ROBLES
BARRENS WINERY LLC, THE,637757156,220441,22MS,PERRYVILLE
BASTARD BROTHERS BREWING CO LLC,630492684,272336,22MS,HIGH RIDGE
BAUM WINE IMPORTS INC.,601621457,114240,LS,HILLSIDE
BCDS ENTERPRISES, LLC,640899350,253843,LMS,SMITHVILLE
BE IN GOOD SPIRITS, LLC,787379552,273197,LS,AUSTIN
BEAR CREEK BED & BREAKFAST LLC,657718126,233856,22MS,WALNUT SHADE
BEAR REPUBLIC BREWING CO., INC.,954254439,175745,22S,CLOVERDALE
BEARD ENGINE BREWING COMPANY LLC,648300000,269776,MICB,ALBA
BEASTIE COMPANY LLC,65672,279246,MICB,HOLLISTER
BECKETTS LLC,652541005,274229,22MS,GLASGOW
BEDFORD & GROVE LLC,402432381,261390,LS,LOUISVILLE
BEES KNEES BREWING COMPANY LLC,650841020,270882,MICB,VERSAILLES
BELFRY LLC, THE,641081404,279870,LMS,KANSAS CITY
BELL'S BREWERY INC,490539558,140647,22S,GALESBURG
BELMONT VINEYARDS, LLC,655358196,176869,DOMW,LEASBURG
BELVOIR WINERY LLC,640687448,249590,DOMW,LIBERTY
BENDISTILLERY INC.,97703,269066,LS,BEND
BENOVIA WINERY LLC,954013952,206203,22S,SANTA ROSA
BENTONVILLE BREWING LLC,727123624,274088,22S,BENTONVILLE
BERGSTROM WINES LLC,971326504,178783,22S,NEWBERG
BERNARDUS, LLC,939249336,272554,22S,CARMEL VALLEY
BESPOKEN SPIRITS INC.,941302110,279470,LS,SAN FRANCISCO
BETTER DRINKS LLC,198011120,274935,22S,WILMINGTON
BEVAN CELLARS, LLC,954048225,273158,22S,SANTA ROSA
BEVERAGE BROTHERS INC.,952403169,248031,22S,LODI
BEVERAGE INNOVATION CORP.,381186102,273003,5S,MEMPHIS
BGPL-USA INC,331812547,281125,LS,MIAMI
BIAS VINEYARDS & WINERY INC.,630141418,144909,22MS,BERGER
BIAS VINEYARDS & WINERY INC.,630141418,144911,DOMW,BERGER
BIG MUDDY BREWING LLC,629663938,207771,22S,MURPHYSBORO
BIG OAK VINEYARDS LLC,647359148,237187,DOMW,CLINTON
BIG RIP LLC, THE,64116,269789,MICB,NORTH KANSAS CITY
BIG SKY BREWING COMPANY,598088680,179099,22S,MISSOULA
BINDING BRAUEREI USA INC.,068511543,175052,22S,NORWALK
BKE LLC,630314606,256366,22MS,FLORISSANT
BLACK PONY BREWING COMPANY LLC,644681602,276831,MICB,MARYVILLE
BLACK SEA IMPORTS, INC.,112202522,267111,LS,BROOKLYN
BLACK SILO LLC,646839528,239325,22MS,TRENTON
BLACKBIRD VINEYARDS LLC,945620000,206394,22S,OAKVILLE
BLACKSMITH ARTISANAL SPIRITS, LLC,650539364,260164,LMS,LOHMAN
BLAKE FARMS HARD APPLE CIDER, LLC,480052323,281336,22S,ARMADA
BLATTEL, JOAN M.,633855308,192567,22MS,WENTZVILLE
BLISS WORLDWIDE LLC,945101026,226943,22S,BENICIA
BLUE AGAVE IMPORTERS LLLP,802022319,240751,LS,DENVER
BLUE AGAVE MARKETING COMPANY,631312542,191786,LS,ST. LOUIS
BLUE MERANTI LLC,761161320,274234,LS,FORT WORTH
BLUE ROCK VINEYARD LLC,949201516,199923,22S,TIBURON
BLUE SPRING IMPORTS, INC,331624854,279622,22S,NORTH MIAMI BEACH
BLUEWOOD BREWING LLC,631183208,265792,22MS,ST. LOUIS
BLUMENHOF VINEYARDS COMPANY,633420030,49777,DOMW,DUTZOW
BOAT TOWN BREWING LLC,657228122,266807,MICB,PHILLIPSBURG
BOBBIE SUZANNE LLC,63640,268053,LS,FARMINGTON
BOEDECKER CELLARS LLC,972116156,192213,22S,PORTLAND
BOGLE VINEYARDS INC.,956125009,197205,22S,CLARKSBURG
BOMMARITO CELLARS INC,630490000,268630,DOMW,NEW HAVEN
BOMMARITO CELLARS INC,630682024,276665,LMS,NEW HAVEN
BOMMARITO WINES & SPIRITS, INC.,630433307,96573,LS,ST LOUIS
BONAVITA BEVERAGE GROUP LLC,40223,280859,LS,LOUISVILLE
BONE HILL VIEW DISTILLERY LLC,640160262,235732,LMS,BUCKNER
BOOTHEEL SPIRITS DISTILLERY LLC,63845,277796,LMS,EAST PRAIRIE
BOOTSTRAP BREWING COMPANY LLC,805015865,275332,22S,LONGMONT
BORDER BREWING COMPANY LLC,64108,274608,22MS,KANSAS CITY
BORGATA BREWERY & DISTILLERY LLC,681022825,239173,22S,OMAHA
BOSTON BEER CORPORATION,022102300,190046,22S,BOSTON
BOTTLE DIPLOMACY LLC,956886902,258809,22S,VACAVILLE
BOTTLE TREE BEVERAGE COMPANY, LLC,392015102,280213,LS,JACKSON
BOULEVARD BREWING COMPANY,641082345,265456,LMS,KANSAS CITY
BOULEVARD BREWING COMPANY,64108,279749,LMS,KANSAS CITY
BOURGMONT WINERY LLC,660130000,273020,22S,BUCYRUS
BOUTIQUE BEVERAGE COMPANY, LLC,284016403,277654,22S,WILMINGTON
BOZIC, GEORGE JR,600896904,271290,LS,BUFFALO GROVE
BRANSON WINERY LLC,656163541,254892,22MS,BRANSON
BRAZOS WINE IMPORTS LLC,112220000,232443,22S,BROOKLYN
BREUCKELEN DISTILLING COMPANY INC.,112321011,240586,LS,BROOKLYN
BREW BIZ LLC,64055,269664,MICB,INDEPENDENCE
BREW HUB LLC,338153205,245379,22S,LAKELAND
BREWDOG BREWING COMPANY LLC,431107539,269667,22S,CANAL WINCHESTER
BREWING & WINE MAKING CENTER INC.,633683623,250650,22MS,O'FALLON
BREWKERY LLC, THE,64116,273099,LMS,NORTH KANSAS CITY
BRICKELL WINES LLC,331812541,275112,LS,N. MIAMI
BRIX URBAN WINERY AND MARKET LLC,636701609,270513,22MS,STE. GENEVIEVE
BROADBENT SELECTIONS INC.,954769590,103336,22S,SONOMA
BROADWAY BREWERY, LLC,652799496,221251,MICB,ROCHEPORT
BRONCO WINE COMPANY,953076652,254445,LS,CERES
BRONZE OWL BREWING LLC,63901,249763,MICB,POPLAR BLUFF
BROOKLYN BREWERY CORPORATION, THE,112491913,244539,22S,BROOKLYN
BROWN ESTATE VINEYARDS LLC,945749642,198324,22S,ST. HELENA
BROWN-FORMAN CORPORATION,402101038,13849,LS,LOUISVILLE
BRUERY LLC, THE,928706806,276179,22S,PLACENTIA
BUB'S DISTILLERY LLC,657428357,246369,LMS,ROGERSVILLE
BUEHLER VINEYARDS INC.,945749529,33454,22S,ST HELENA
BUENAVIDA IMPORTS LLC,33178,278084,22S,DORAL
BUFFALO BAYOU BREWING COMPANY,770073999,275991,5S,HOUSTON
BUFFALO CREEK WINERY, LLC.,650782329,186689,DOMW,STOVER
BUONOCORE, GREGORY F.,946065225,278382,LS,OAKLAND
BUR OAK BREWING COMPANY LLC,652017635,221780,22MS,COLUMBIA
BURGESS CELLARS INC.,945749728,249340,22S,ST. HELENA
BUSCH DISTRIBUTING COMPANY LLC,633761078,274722,LS,ST. PETERS
BUSCH FAMILY BREWING AND DISTILLING, LLC,633411422,272816,LMS,DEFIANCE
BUZZBALLZ LLC,750066839,205376,LS,CARROLLTON
C. MONDAVI & FAMILY,945749502,123618,22S,ST HELENA
C.H. WITTENBERG DISTILLING COMPANY LLC,63068,267196,LS,NEW HAVEN
CABERNET CORPORATION,949495763,248155,22S,NOVATO
CAFFO BEVERAGES INC,07410,280360,LS,FAIR LAWN
CAIN CELLARS, INC,94574,276991,22S,SAINT HELENA
CALEDONIA SPIRITS INC.,056023848,247435,LS,MONTPELIER
CALIFORNIA BREWING CO., LLC,956185474,230383,22S,DAVIS
CALIFORNIA CIDER COMPANY INC.,954722612,177476,22S,SEBASTOPOL
CALIFORNIA TEQUILA INC.,926882047,279985,LS,RANCHO SANTA MARGARITA
CALIFORNIA VINEYARDS INC.,940703230,107295,LS,SAN CARLOS
CALINI GROUP LLC,662243332,255842,22S,LEAWOOD
CALIPASO WINERY LLC,934469533,244291,22S,PASO ROBLES
CALLIOPE VINEYARD LLC,970049701,279624,22S,BEAVERCREEK
CALLSIGN BREWING COMPANY LLC,64116,255005,MICB,NORTH KANSAS CITY
CALLUNA VINEYARDS LLC,954037416,188464,22S,SANTA ROSA
CAMARDA CORPORATION,980704519,174353,22S,VASHON
CAMO BREWING COMPANY INC.,891031200,192485,22S,LAS VEGAS
CAMPARI AMERICA LLC,100367703,215707,LS,NEW YORK
CAMPBELL & MCGILL SELECTIONS LLC,060733220,262635,22S,SOUTH GLASTONBURY
CANAL STREET BREWING COMPANY LLC,495034037,268507,22S,GRAND RAPIDS
CANARCHY CRAFT BREWERY COLLECTIVE LLC,805016793,261323,22S,LONGMONT
CANTERBURY HILL WINERY & RESTAURANT LLC,650432100,223660,22MS,HOLTS SUMMIT
CAPE CLASSICS INC.,100188004,121275,22S,NEW YORK
CARACCIOLI CELLARS INC.,93926,242443,22S,GONZALES
CARDETTI HERITAGE LLC,655590000,234393,DOMW,ST. JAMES
CARDETTI HERITAGE LLC,655590000,234394,DOMW,ST. JAMES
CARDETTI HERITAGE LLC,64870,269412,DOMW,WEBB CITY
CARDWELL HILL CELLARS LLC,973709739,189827,22S,PHILOMATH
CARIBBEAN DISTILLERS LLC,338502130,195413,LS,LAKE ALFRED
CARIBBEAN SPIRITS INC.,338904776,255987,LS,ZOLFO SPRINGS
CARNEROS WINE COMPANY INC.,945599706,224703,22S,NAPA
CARRIAGE HOUSE IMPORTS LTD.,070811315,211975,LS,SPRINGFIELD
CARROLLTON SPECIALTY PRODUCTS CO,658022948,244190,22MS,SPRINGFIELD
CASCADE BREWING COMPANY LLC,972252149,280157,22S,PORTLAND
CASPAR WINE LLC,945583083,271559,22S,NAPA
CASTLE BRANDS (USA) CORP.,109653165,179548,LS,PEARL RIVER
CASTORO CELLARS,934519567,262260,22S,SAN MIGUEL
CASUAL ANIMAL BREWING COMPANY LLC,641081423,248787,22MS,KANSAS CITY
CATAMARCA IMPORTS, LLC,300397915,277674,LS,SNELLVILLE
CAVE HOLLOW WEST WINERY LLC,634015386,208006,DOMW,HANNIBAL
CAVE VINEYARD LLC,636707931,246862,LMS,STE. GENEVIEVE
CAVEMAN SPIRITS COMPANY, LLC,921094614,279639,LS,SAN DIEGO
CEDAR RIDGE VINEYARDS LLC,52338,257111,LS,SWISHER
CELLIER WINES DISTRIBUTING INC.,119710000,267382,22S,SOUTHOLD
CENTER ICE BREWING LLC,631031213,257897,22MS,ST. LOUIS
CENTRAL COAST WINE WORKS LLC,93436,278080,22S,LOMPOC
CENTRAL STANDARD BREWING LLC,672111815,269539,22S,WICHITA
CHALICE VINEYARDS, LLC,974249591,259487,22S,COTTAGE GROVE
CHANDLER HILL VINEYARDS LLC,633412708,177976,22MS,DEFIANCE
CHAOS BREWING COMPANY LLC,648012306,270156,MICB,JOPLIN
CHAPPELLET WINERY INC.,945749628,96254,22S,ST HELENA
CHARBAUT AMERICA INC.,100165070,164173,22S,NEW YORK
CHARBAY DISTILLERS LLC,95482,244844,LS,UKIAH
CHARLES JACQUIN ET CIE. INC.,191251837,46029,LS,PHILADELPHIA
CHARLES REININGER LLC,993627291,211078,22S,WALLA WALLA
CHARLEVILLE BREWERY & WINERY LLC,63670,281264,LMS,STE GENEVIEVE
CHARLOTTES WHITE MULE INC.,650662420,192402,DOMW,OWENSVILLE
CHATEAU BARNABY, LLC,972022331,268093,22S,PORTLAND
CHATEAU DIANA LLC,954488100,235931,LS,HEALDSBURG
CHATHAM IMPORTS, INC.,100168728,133007,LS,NEW YORK
CHAUMETTE INC.,636709022,171660,22MS,STE. GENEVIEVE
CHAUMETTE, INC.,636700000,227044,22MS,STE. GENEVIEVE
CHEERS BEVERAGE, INC.,37402,274821,5S,CHATTANOOGA
CHICAGO DISTILLING COMPANY LLC,60647,254663,LS,CHICAGO
CHLOE WINES LLC,981338413,155697,22S,SEATTLE
CHRISTINES VINEYARD LLC,648709146,258634,22MS,WEBB CITY
CHRISTOPHER MICHAEL WINES LLC,971012304,235402,22S,AMITY
CINDER BLOCK BREWERY LLC,641163635,216111,22MS,NORTH KANSAS CITY
CIPCO, INC.,934462635,279348,22S,PASO ROBLES
CITY CIDER LLC,631081608,250090,22MS,ST. LOUIS
CIV USA INC.,331661006,244845,22S,MIAMI
CIVIC DUTY BREWING COMPANY LLC,64110,242927,22MS,KANSAS CITY
CIVIL LIFE BREWING COMPANY LLC, THE,631162614,200195,MICB,ST. LOUIS
CLASSIQUE LLC,631442816,213841,LS,WEBSTER GROVES
CLAVERACH FARM & VINEYARDS LLC,630250000,236131,22MS,EUREKA
CLAY STREET IMPORTS LLC,90660,277829,LS,PICO RIVERA
CLEMENZA VINI IMPORTS LLC,802104921,263462,22S,DENVER
CLINE CELLARS INC.,954769216,169747,22S,SONOMA
CLINE SISTERS IMPORTS LLC,954769216,225754,22S,SONOMA
CLIPPER CITY BREWING COMPANY, L.P.,212274624,264653,22S,BALTIMORE
CLOCK SHOP BEVERAGE LLC,229025029,276177,LS,CHARLOTTESVILLE
CLOS DU VAL WINE COMPANY LTD,945640000,273393,22S,NAPA
CNS ENTERPRISES INC.,906604303,259794,LS,PICO RIVERA
COGNAC FERRAND USA, INC.,021713139,281714,LS,QUINCY
COLORADO SPIRITS IMPORTERS LLC,803041525,248286,LS,BOULDER
COMPASS BRANDS LLC,980010000,269606,22S,AUBURN
CONFLUENCE KOMBUCHA LLC,631102103,242703,MICB,ST. LOUIS
CONNER, MATT,656168250,246637,LS,BRANSON
CONSTELLATION BRANDS INC.,144241059,76847,LS,CANANDAIGUA
CONTINENTAL VINEYARDS LLC,934465977,258805,22S,PASO ROBLES
COOLSHIP HOLDING, LLC,641081539,259235,22MS,KANSAS CITY
COOP ALE WORKS LLC,731794600,235781,22S,OKLAHOMA CITY
COOPER SPIRITS INTERNATIONAL LLC,19073,239856,LS,NEWTOWN SQUARE
COOPER'S OAK WINERY ASSOCIATES, LLC,652572875,245176,LMS,HIGBEE
COPPER CAN LLC, THE,940801906,277419,22S,SOUTH SAN FRANCISCO
COPPER CANE LLC,945730000,221080,22S,RUTHERFORD
COPPER MOUNTAIN BEVERAGE CO.,981156746,268508,LS,SEATTLE
COPPER RUN ENTERPRISES LLC,657377505,259476,LMS,BRANSON WEST
CORE BREWING & DISTILLING CO., LLC,727641819,216343,22S,SPRINGDALE
CORK ALLIANCE INC.,331221915,253698,22S,DORAL
CORNERSTONE US WINE IMPORTERS INC.,92660,267908,22S,NEWPORT BEACH
CORNING AND COMPANY DISTILLERS LLC,949281610,270422,LS,ROHNERT PARK
CORTONA LLC,802312742,267110,22S,DENVER
COUNTESS WALEWSKA LLC, THE,954723497,274575,LS,SEBASTOPOL
COUP DE FOUDRE LLC,945749631,185463,22S,ST. HELENA
COURAGEOUS INC.,956698604,234700,22S,PLYMOUTH
COWBOY COUNTRY DISTILLING, INC.,829416755,273238,LS,PINEDALE
CRAFTED DREAMS LLC,64012,273282,22MS,BELTON
CRAFTY BAR INC.,630112145,265285,22MS,ELLISVILLE
CRANE BREWING COMPANY LLC,641335210,234412,MICB,RAYTOWN
CREW WINE COMPANY LLC,956980493,206393,22S,ZAMORA
CRIBARI VINEYARDS INC.,937223943,226944,22S,FRESNO
CRIDER BREWING LLC,631101924,220723,MICB,ST. LOUIS
CRISTIE KERR WINES, LLC,945599713,281448,22S,NAPA
CRISTOM VINEYARDS,973049779,135563,22S,SALEM
CROCKER & STARR WINE CO., LLC,945741417,211122,22S,ST. HELENA
CROOK & MARKER LLC,334071994,279837,22S,WEST PALM BEACH
CROOKED STAVE LLC,802112338,258808,22S,DENVER
CROWN IMPORTS LLC,606035564,278085,22S,CHICAGO
CROWN POINT WINERY LLC,934609484,262293,22S,SANTA YNEZ
CROWN VALLEY WINERY INC.,636402002,163519,22MS,FARMINGTON
CROWN VALLEY WINERY INC.,636709039,175431,LMS,STE. GENEVIEVE
CROWN VALLEY WINERY INC.,63670,281952,LMS,STE. GENEVIEVE
CRUSE WINE COMPANY LLC,949541106,258970,22S,PETALUMA
CULT OF 8,939239577,219727,22S,CARMEL
CUNAT PREMIUM VINEYARDS LLC,945581347,233304,22S,NAPA
CUTWATER SPIRITS LLC,921212310,243494,LS,SAN DIEGO
CYNTHIA HURLEY FRENCH WINES, LLC,02465,279369,22S,WEST NEWTON
D & D DISTRIBUTORS LLLP,63043,268074,LS,MARYLAND HEIGHTS
D & D VINEYARDS INC.,97128,275995,22S,MCMINNVILLE
D & V INTERNATIONAL INC.,334582713,197865,22S,JUPITER
D. MYERS LLC,803012457,179100,22S,BOULDER
D'AQUINO ITALIAN IMPORTING CO., INC.,910102901,136434,22S,DUARTE
D'ARTAGNAN WINES CORPORATION,945586288,279636,22S,NAPA
DALE HOLLOW FRUIT FARMS LLC,650780917,219653,DOMW,STOVER
DANA ESTATES INC,945741605,279637,22S,ST. HELENA
DANCING COYOTE WINES,952209998,241907,22S,ACAMPO
DANCING CROW VINEYARDS LLC,945741631,266459,22S,ST. HELENA
DANGEROUS WINE GROUP LLC,200061631,268094,22S,WASHINGTON
DAOU VINEYARDS LLC,934468712,186603,22S,PASO ROBLES
DARIOUSH KHALEDI WINERY LLC,945581117,125856,22S,NAPA
DARNA INTERNATIONAL LLC,463858895,260626,LS,VALPARAISO
DASHE WINE CELLARS LLC,945017574,178214,22S,ALAMEDA
DAVID BOWLER LLC,100116362,261391,LS,NEW YORK
DAVID HILL VINEYARDS LLC,971167536,235932,22S,FOREST GROVE
DAVID JAMES LLC,945742233,271558,22S,ST. HELENA
DAVIS RALLY POINT LLC,64071,253589,22MS,HARRISONVILLE
DAVOS BRANDS LLC,100168827,249739,LS,NEW YORK
DAYLIGHT WINE COMPANY LLC,954769292,274635,LS,SONOMA
DE MAISON SELECTIONS, INC.,275145277,220376,LS,CHAPEL HILL
DE PONTE CELLARS LLC,971147201,207609,22S,DAYTON
DEAN AND COMPANY LLC,810501306,265109,5S,LA JUNTA
DECLAN DISTILLERS, LLC,787032534,260068,22S,AUSTIN
DEEP SLEEP BREWING COMPANY LLC,630906076,250353,22MS,WASHINGTON
DEFIANCE BREWERY LLC,676019310,223162,22S,HAYS
DEFIANCE RIDGE VINEYARDS LLC,633412803,252450,22MS,DEFIANCE
DEGRAZIA IMPORTS LLC,606544486,190592,22S,CHICAGO
DEL DOTTO VINEYARDS,94574,273080,22S,ST. HELENA
DEL WINE LLC,33126,270139,22S,DORAL
DELANEY VINEYARD & WINERY LLC,647723609,213959,DOMW,NEVADA
DELEGAT USA INC.,941050922,181770,22S,SAN FRANCISCO
DELICATO VINEYARDS,95242,276397,22S,MANTECA
DELILLE CELLARS, LLC,980725004,280900,22S,WOODINVILLE
DEMEINE ESTATES LLC,945991214,277927,22S,YOUNTVILLE
DEMERARA DISTILLERS (USA) INC.,333177578,216209,LS,PLANTATION
DENNER FAMILY LLC,934469684,264055,22S,PASO ROBLES
DENNIS, MICHAEL D. & KATHY L.,658037972,192470,DOMW,SPRINGFIELD
DESCHUTES BREWERY INC.,977023118,194568,22S,BEND
DESTIHL BREWERY LLC,617616459,238203,22S,NORMAL
DEW DROP LLC,636279091,280613,MICB,BLOOMSDALE
DIAGEO AMERICAS INC.,100072439,174611,LS,NEW YORK
DIAGEO BEER COMPANY USA,100072439,138601,22S,NEW YORK
DIAMOND IMPORTERS INC.,606141793,214334,22S,CHICAGO
DIAMOND MOUNTAIN VINEYARD COMANY, INC,945153669,272407,22S,CALISTOGA
DIASTOLE BREWING COMPANY LLC,646441029,225227,MICB,HAMILTON
DIDDY'S KITCHEN BBQ AND BREWERY LLC,640608503,274912,MICB,KEARNEY
DIERBERG EDUCATIONAL FOUNDATION INC.,650419650,248754,LMS,HERMANN
DISARONNO INTERNATIONAL LLC,088731172,227613,LS,SOMERSET
DISTAFF WINE COMPANY LLC,971323577,281630,22S,NEWBERG
DISTILLERS WAY LLC,982487813,264164,LS,FERNDALE
DISTILLERY OF DEFIANCE LLC,633413103,235727,LMS,DEFIANCE
DIVERGENT VINE LLC,95684,260939,22S,SOMERSET
DIVOT ENTERPRISES LLC,945620000,188677,22S,OAKVILLE
DK54VINES LLC,658020000,237643,22S,SPRINGFIELD
DO VALLE LLC,064050000,273456,22S,BRANFORD
DOGMASTER DISTILLERY LLC,652014954,220445,LMS,COLUMBIA
DOMAINE DEMARIA SOTER LLC,971110000,148291,22S,CARLTON
DOMAINE GAYDA IMPORTS LLC,331765824,277422,LS,MIAMI
DOMAINE SERENE VINEYARDS & WINERY INC.,971147227,226063,22S,DAYTON
DON SEBASTIANI & SONS INT'L WINE NEGOCIA,945587535,244010,LS,NAPA
DONATI FAMILY VINEYARD INC.,934658798,206200,22S,TEMPLETON
DONELAN FAMILY WINE CELLARS LLC,954037417,191421,22S,SANTA ROSA
DOSSEY VINEYARDS, LLC,420039280,267183,22S,PADUCAH
DOUBLE DIAMOND DISTILLERY LLC,804240000,199720,LS,BRECKENRIDGE
DOUBLE DOWN SPIRITS LLC,917523500,224311,LS,JURUPA VALLEY
DOUBLE SHIFT BREWING COMPANY LLC,64108,274016,MICB,KANSAS CITY
DOWNWARD DOG WINE LLC,741052561,264163,22S,TULSA
DOYNA LIMITED,070362415,160434,LS,LINDEN
DOZORTSEV & SONS ENTERPRISES LTD.,112321138,159332,LS,BROOKLYN
DRAKE MAKES WINE, INC,931033680,269607,22S,SANTA BARBARA
DREW, JASON J. AND MOLLY N.,95432,280503,22S,ELK
DREYER WINE LLC,940623607,113711,22S,WOODSIDE
DREYFUS ASHBY INC.,100176705,37286,LS,NEW YORK
DRG IMPORTS LLC,232200000,239550,22S,RICHMOND
DRIFTLESS GLEN DISTILLERY LLC,539132558,278808,LS,BARABOO
DRY CREEK VINEYARD INC.,954489713,140962,22S,HEALDSBURG
DUBIOUS CLAIMS BREWING LLC,640242134,260096,22MS,EXCELSIOR SPRINGS
DUCKHORN WINE COMPANY,945749410,246707,22S,ST. HELENA
DUGGANS DISTILLERS PRODUCTS CORPORATION,109131173,131366,LS,BLAUVELT
DUMBASS WHISKEY LLC,074441854,262261,LS,POMPTON PLAINS
DUMOL WINERY LLC,954927759,247630,22S,WINDSOR
DUNHAM CELLARS LLC,993627400,208524,22S,WALLA WALLA
DURSO HILLS WINERY LLC,636550000,158334,DOMW,MARQUAND
DUVEL MOORTGAT USA, LTD.,133261169,267109,LS,COOPERSTOWN
DV SPIRITS LLC,787047250,240302,LS,AUSTIN
E. & J. GALLO WINERY,953542760,13867,LS,MODESTO
EAGLE EYE IMPORTS - ILLINOIS LLC,483042376,271562,22S,BLOOMFIELD HILLS
EARTHBOUND BREWING LLC,631183036,227443,MICB,ST. LOUIS
EAST FORTY BREWING LLC,640153613,261548,22MS,BLUE SPRINGS
EAUX DE VIE INC.,631042941,155864,MICB,ST. LOUIS
EAUX DE VIE INC.,631042941,176000,LMS,ST. LOUIS
EBERLE WINERY LTD.,934467302,50406,22S,PASO ROBLES
ECLIPSE ASSETS LLC,945150000,240010,22S,CALISTOGA
EDG CLIF WINERY LLC,636640000,202849,DOMW,POTOSI
EDG-CLIF BREWERY LLC,636640000,227421,22MS,POTOSI
EDRINGTON GROUP USA LLC, THE,100104216,236285,LS,NEW YORK
EGG BREWING LLC,64108,274373,MICB,KANSAS CITY
EIGHT BOTTLES LLC,949495763,223117,LS,NOVATO
EKEKO DISTRIBUTION INC.,770073038,230867,LS,HOUSTON
EL SEGUNDO BREWING CO.,902453801,273967,22S,EL SEGUNDO
ELDERBLOSSOM VIEW LLC,650631405,252506,DOMW,NEW BLOOMFIELD
EMERSON BROWN LLC,945740000,252772,22S,ST. HELENA
EMPSON (USA) INC.,223143004,83731,LS,ALEXANDRIA
EMPYREAN BREWING CO.,685081331,205446,22S,LINCOLN
ENOS VINEYARDS INC.,954720000,208932,22S,SEBASTOPOL
ENOTEC IMPORTS INC.,80111,279228,LS,GREENWOOD VILLAGE
ENOVATION BRANDS INC.,331802804,242848,LS,AVENTURA
ERIK MILLER WINES INC.,954489714,272510,22S,HEALDSBURG
ESSER WINES LLC,954031088,241788,22S,SANTA ROSA
ETHYL AMBROSIA LLC,787371937,272422,22S,AUSTIN
EU IMPORTS LLC,954769590,217967,22S,SONOMA
EVAKI INC,93401,270322,22S,SAN LUIS OBISPO
EVATON INC.,069012202,280033,LS,STAMFORD
EVESHAM WOOD VINEYARD & WINERY LLC,973049703,200787,22S,SALEM
EXCEL BOTTLING COMPANY,622301805,254105,22S,BREESE
EXPERIENCE WINES LLC,954032049,272500,22S,SANTA ROSA
F & F FINE WINES INTERNATIONAL INC.,069020000,218466,22S,STAMFORD
F & R WINE IMPORTS LLC,631192945,247894,22S,WEBSTER GROVES
F.B. MCDONALD IMPORTS INC.,816112469,231749,22S,ASPEN
F.L. NAVARRO LIMITED,112013807,246631,22S,BROOKLYN
F.X. MAGNER SELECTIONS INC,015454030,281126,LS,SHREWSBURY
FABLEIST WINE COMPANY, THE,934465988,258537,22S,PASO ROBLES
FAMILY & FARMERS LLC,945583033,274154,22S,NAPA
FAMOUS BRANDS LLC,774015344,255079,LS,BELLAIRE
FARM AND SPIRIT INC,63090,271481,LMS,WASHINGTON
FASEL SHENSTONE LLC,981337009,225752,22S,SEATTLE
FELIX SOLIS AVANTIS USA INC.,945587533,225530,22S,NAPA
FENCE STILE LLC,64024,277845,LMS,EXCELSIOR SPRINGS
FERMENTED PROJECTS LLC,63143,269695,22MS,MAPLEWOOD
FERMENTED SCIENCES II, INC.,930037935,273648,22S,VENTURA
FETZER VINEYARDS,954499813,250499,LS,HOPLAND
FIELDS & IVY BREWING COMPANY LLC,660464908,267381,22S,LAWRENCE
FIERI ENTERPRISES LLC,954484406,240881,22S,HEALDSBURG
FIFTH GENERATION INC.,787199769,171568,LS,AUSTIN
FIGGINS ESTATE, LLC,993629525,263822,22S,WALLA WALLA
FINO TEQUILA, LLC,920106651,272899,LS,CARLSBAD
FIOR DI SOLE LLC,945587541,251392,22S,NAPA
FIRE TAIL BRANDS LLC,633671853,188127,LS,LAKE ST. LOUIS
FIRESTONE WALKER INC.,934463993,254448,22S,PASO ROBLES
FISHER VINEYARDS,954049692,163439,22S,SANTA ROSA
FITVINE LLC,952429497,253047,22S,LODI
FIVE GRAPES LLC,201660000,228050,22S,STERLING
FIVE STAR BREWING COMPANY INC.,891131354,192486,22S,LAS VEGAS
FLAG CITY BREWING LLC,648702102,256125,MICB,WEBB CITY
FLANEUR WINES LLC,971119673,273237,22S,CARLTON
FLATBRANCH BREWING INC.,652014230,78271,MICB,COLUMBIA
FLORA SPRINGS WINE COMPANY,945741611,78217,22S,ST HELENA
FLORIDA WINERY INC.,652832177,226973,22MS,FLORIDA
FN CELLARS LLC,945620000,240123,22S,OAKVILLE
FOLEY FAMILY WINES INC.,95403,188186,LS,SANTA ROSA
FOLIO WINE COMPANY LLC,945587577,209529,LS,NAPA
FORISTELL ENTERPRISES LLC,633905123,228076,22MS,WRIGHT CITY
FORMAN, RICHARD,945749613,186802,22S,ST. HELENA
FORT ROSS VINEYARD & WINERY LLC,954030000,253507,22S,SANTA ROSA
FORTH DRY CREEK ESTATE LLC,954484435,190047,22S,HEALDSBURG
FOUNDRY DISTILLING COMPANY LLC,502654458,265419,LS,WEST DES MOINES
FOUNTAIN CITY WINERY LLC,64101,270482,DOMW,KANSAS CITY
FOUR BROTHERS MEAD LLC,63028,262037,DOMW,FESTUS
FOUR HORSES & A DOG LLC,640248406,223309,DOMW,EXCELSIOR SPRINGS
FOUR ROSES DISTILLERY, LLC,403429734,179769,LS,LAWRENCEBURG
FRANCIS COPPOLA WINERY, LLC,954419325,168435,22S,GEYSERVILLE
FRANK FAMILY VINEYARDS LLC,945159675,172401,22S,CALISTOGA
FRANK-LIN DISTILLERS PRODUCTS LTD.,945339734,105629,LS,FAIRFIELD
FREDERICK WILDMAN & SONS LTD.,100063957,239314,LS,NEW YORK
FREE STATE BREWING CO., INC.,660442236,186627,22S,LAWRENCE
FREEMAN FAMILY WINERY LLC,954723031,198561,22S,SEBASTOPOL
FREIXENET MIONETTO USA INC.,106011719,265418,22S,WHITE PLAINS
FRESH GRAPES, LLC,945587541,271428,22S,NAPA
FREY VINEYARDS LTD.,954706135,68293,22S,REDWOOD VALLEY
FRIAS FAMILY VINEYARD, INC.,94515,276993,22S,CALISTOGA
FRIENDSHIP BREWING COMPANY LLC,633851700,233586,MICB,WENTZVILLE
FRINGE BEERWORKS TAPROOM LLC,64063,243225,MICB,LEE'S SUMMIT
FRINGE BEERWORKS TAPROOM, LLC,64063,269339,22MS,LEE'S SUMMIT
FRITZ CELLARS INC.,954259742,155142,22S,CLOVERDALE
FRONT ROW PROPERTY LLC,658062023,273001,LMS,SPRINGFIELD
FROST WINES LLC,148370000,258213,22S,DUNDEE
FRUIT OF THE VINES, INC.,111015960,180822,22S,LONG ISLAND CITY
FS BEVERAGES LLC,07920,276854,5S,BASKING RIDGE
FUTURE PROOF BRANDS LLC,787212465,266606,22S,AUSTIN
G.K. SKAGGS INC.,926187450,190594,22S,IRVINE
G.S.W.C. INC.,914061711,238640,LS,VAN NUYS
GAMBLE FAMILY VINEYARDS LLC,945629849,270573,22S,OAKVILLE
GAMBRINUS COMPANY, THE,782323735,178896,22S,SAN ANTONIO
GANDONA INC.,945740000,229270,22S,ST. HELENA
GARGOYLE ENTERPRISES INC.,802233223,250498,LS,DENVER
GC WINE COMPANY, LLC,971012416,280029,22S,AMITY
GELOSO BEVERAGE GROUP, LLC,146261033,259556,22S,ROCHESTER
GEORGETOWN TRADING CO., LLC,200061631,267684,LS,WASHINGTON
GERMAN WINE COLLECTION, LLC,920106706,269927,LS,CARLSBAD
GJS SALES, INC,532041549,268920,22S,MILWAUKEE
GLASS REVOLUTION IMPORTS USA LLC,891238042,266213,LS,LAS VEGAS
GLJR WINE, LLC,945586280,273653,22S,NAPA
GLOBAL SPIRITS USA LLC,100054401,242732,LS,NEW YORK
GLOBAL UNIVERSAL SRL,535662036,227574,LS,MONROE
GLOBAL VINEYARD, THE,947101459,131800,22S,BERKELEY
GO AMERICA GO LLC,057700000,236916,LS,SHOREHAM
GOAT BREWING COMPANY LLC, THE,640865540,273406,22MS,LEES SUMMIT
GOLDEN GLASS WINE LLC,853813542,280361,LS,PEORIA
GOLDEN ROCK WINERY LLC,650202649,196453,22MS,CAMDENTON
GOLDRIDGEPINOT.COM LLC,954726470,280901,22S,SEBASTOPOL
GOLDSCHMIDT VINEYARDS LLC,954483820,152096,22S,HEALDSBURG
GOOD BOY VODKA,491204046,271431,LS,NILES
GOOD NEWS BREWING COMPANY LLC,63366,245665,MICB,O'FALLON
GOOD NEWS DEFIANCE LLC,63341,260762,MICB,DEFIANCE
GOOD OMEN BOTTLING LLC,863264180,260728,22S,COTTONWOOD
GOOD SPIRITS DISTILLING LLC,660625404,263456,LS,OLATHE
GOOSE RIDGE LLC,993208568,177705,22S,BENTON CITY
GORDON BIERSCH BREWING COMPANY,951123105,271714,5S,SAN JOSE
GORDON BROTHERS CELLARS, INC.,993019711,186887,22S,PASCO
GRAINS & TAPS LLC,64063,270614,22MS,LEE'S SUMMIT
GRAND PRIX BEVERAGE LLC,631113653,208805,LS,ST. LOUIS
GRANITE CITY, INC,63141,270343,MICB,CREVE COEUR
GRANITE CITY, INC.,641531842,270168,MICB,KANSAS CITY
GRAPE EXPECTATIONS, INC.,948012112,260247,22S,RICHMOND
GRAPES & BARLEY LLC,207051273,251828,22S,BELTSVILLE
GRAPES OF HELD WINERY & VINEYARD, LLC,639390239,193585,DOMW,FAIRDEALING
GRAPES OF SPAIN INC.,220791522,179928,22S,LORTON
GRATON SPIRITS COMPANY LLC,954449373,249115,LS,GRATON
GRAZIANO, GREGORY,954709695,224078,22S,REDWOOD VALLEY
GREAT DIVIDE BREWING COMPANY,802052512,163809,22S,DENVER
GREAT ESCAPE BEER WORKS LLC,65804,258637,MICB,SPRINGFIELD
GREEN RIVER DISTILLING COMPANY LLC,423011422,281340,LS,OWENSBORO
GREEN RIVER SPIRITS CHARLESTON LLC,294566772,281339,LS,NORTH CHARLESTON
GREEN ROOM BURGERS & BEER LLC,641113010,210058,MICB,KANSAS CITY
GREG & GREG INC.,954722628,271012,22S,SEBASTOPOL
GRGICH HILLS CELLAR,945730450,49258,22S,RUTHERFORD
GRIEB OPTIMAL WINECRAFTING LLC,989519682,279345,22S,WAPATO
GRIESEDIECK BROTHERS BREWERY CORP.,631471840,230438,LS,ST. LOUIS
GRIESEDIECK BROTHERS BREWERY CORPORATION,631471840,256278,22MS,ST. LOUIS
GRIMM'S TREE BREWING LLC,630550000,269533,22MS,LABADIE
GRINDSTONE VALLEY WINERY LLC,644740000,229051,22MS,OSBORN
GROS VENTRE CELLARS LLC,954927861,268353,22S,WINDSOR
GROTH VINEYARDS & WINERY LLC,945620390,115472,22S,OAKVILLE
GROUNDED WINE PROJECT, LLC,93401,279838,22S,SAN LUIS OBISPO
GT'S LIVING FOODS LLC,900582116,252546,5S,VERNON
GUARACHI WINE PARTNERS INC.,913641224,100554,22S,WOODLAND HILLS
GV LIQUID GROUP, INC, THE,897060838,271279,22S,CARSON CITY
HAAS BROTHERS INC.,941111422,240301,LS,SAN FRANCISCO
HAHN ESTATE,939600000,239576,22S,SOLEDAD
HALBY MARKETING INC.,954420000,264058,LS,GLEN ELLEN
HALCYON SYNDICATE LTD. LLC,941335810,246400,LS,SAN FRANCISCO
HALL WINES LLC,945742200,145075,22S,ST. HELENA
HALTER WINERY LLC,934468798,267184,22S,PASO ROBLES
HAMMLER WINE CORP.,939249372,238006,22S,CARMEL VALLEY
HANATORO WINERY LLC,974013238,244360,22S,EUGENE
HAND PICKED SELECTIONS INC.,201864349,103669,22S,WARRENTON
HANDCRAFTED WINES, LLC,662191720,259555,LS,LENEXA
HARBINGER LLC,641081820,242924,MICB,KANSAS CITY
HARD TRUTH DISTILLING COMPANY LLC,47448,278079,LS,NASHVILLE
HAROZA SELECT WINES LLC,554101510,265755,22S,MINNEAPOLIS
HARPOON DISTRIBUTING COMPANY INC.,022102324,259278,22S,BOSTON
HARRIS, RENNICK & MARILYN,945620323,167887,22S,OAKVILLE
HARRISTHAL WINERY LLC,657217152,251331,22MS,OZARK
HARROW CELLARS,954037416,279834,22S,SANTA ROSA
HAWAII SEA SPIRITS LLC,967900000,240344,LS,KULA
HAYKIN FAMILY CIDERY LLC,800100000,273386,22S,AURORA
HBC, LLC,804038058,272893,22S,GOLDEN
HEART OF AMERICA BEVERAGE COMPANY, LLC,658024579,256835,LS,SPRINGFIELD
HEARTLAND BEVERAGE LTD.,641451526,43371,LS,KANSAS CITY
HEARTLAND DISTILLERS, LLC,46256,277280,LS,INDIANAPOLIS
HEAVEN HILLS SALES COMPANY,400042229,252228,LS,BARDSTOWN
HEAVY RIFF BREWING COMPANY LLC,631393305,269922,22MS,ST. LOUIS
HEINEKEN USA INC,106011841,269608,22S,WHITE PLAINS
HEINRICHSHAUS INC.,655598495,120088,DOMW,ST JAMES
HEITZ WINE CELLARS,945749537,263477,22S,ST. HELENA
HEMILANE,902454110,281341,LS,EL SEGUNDO
HEMINGWAY RUM COMPANY LLC,338111853,239776,LS,LAKELAND
HEMISPHERES LLC,934465980,258991,22S,PASO ROBLES
HEMMAN WINERY LLC,63737,270911,22MS,BRAZEAU
HENDRY PREMIUM IMPORTS INC.,600143552,178620,22S,CRYSTAL LAKE
HENDRY, GEORGE O.,945589706,212179,22S,NAPA
HENRIOT INC,100114635,186141,22S,NEW YORK
HENRY STEELE IMPORTS LLC,631418157,269865,LS,ST. LOUIS
HERITAGE DISTILLING COMPANY INC.,983357586,255372,LS,GIG HARBOR
HERITAGE ROAD VINTNERS LLC,945587516,233932,22S,NAPA
HERITAGE WINE CELLARS LTD.,607143306,202141,LS,NILES
HERMANNHOF INC.,650411116,184834,22MS,HERMANN
HERMANNHOF INC.,650411138,213640,22MS,HERMANN
HESS COLLECTION WINERY,945589708,67069,22S,NAPA
HIDALGO IMPORTS LLC,331663317,248032,22S,MIAMI
HIGH LIFE SALES COMPANY,641451526,232114,LS,KANSAS CITY
HIGH PLAINS INC.,660026106,258804,LS,ATCHISON
HILL FOOD SERVICE LLC,631352716,189829,MICB,FERGUSON
HIRSCH WINERY LLC,954219659,180216,22S,CAZADERO
HOFBRAUHAUS OF AMERICA LLC,890525972,253618,22S,HENDERSON
HOFFMANN MT. PLEASANT WINERY LLC,633321652,279393,22MS,AUGUSTA
HOLY GRAIL WINERY LLC,633573160,254102,DOMW,MARTHASVILLE
HONEYWOOD INC.,973022521,184678,LS,SALEM
HOOD RIVER DISTILLERS, INC.,970311177,138807,LS,HOOD RIVER
HOOPES, SPENCER W.,945620000,238889,22S,OAKVILLE
HOOVER VINTNERS, LLC.,650412300,191282,22MS,HERMANN
HOP BUTCHER FOR THE WORLD LLC,606386129,281631,22S,BEDFORD PARK
HOPE WINE LLC,945586221,212487,22S,NAPA
HOPEWELL BRIDGE WINERY LLC,65785,280243,22MS,STOCKTON
HOPEWELL VIEWS HUNTING CLUB INC.,623703308,207186,22S,ROCKPORT
HORST VINEYARDS LLC,655480000,184835,DOMW,MOUNTAIN VIEW
HOTALING & CO., LLC,941116508,262740,LS,SAN FRANCISCO
HOURGLASS WINE COMPANY INC.,945159649,219180,22S,CALISTOGA
HOUSE OF BURGUNDY INC., THE,10036,216819,LS,NEW YORK
HOUSE OF JENNY, LLC,977599762,272550,22S,SISTERS
HPSEPICUREAN LLC,920651889,264057,LS,RAMONA
HQ WINERY LLC,94558,269551,22S,NAPA
HUMMINGBIRD VINEYARD & WINERY LLC,652656834,244181,DOMW,MEXICO
HUNEEUS WINES LLC,945730505,269850,22S,RUTHERFORD
HUNGRY HOLLOW BREWING COMPANY LLC,656258355,245624,22MS,CASSVILLE
HUNTER VALLEY WINERY LLC,637017801,195404,22MS,CAPE GIRARDEAU
IDEAL WINE & SPIRITS COMPANY INC.,021556903,142927,22S,MEDFORD
IDEALINE MARKETING AND PRODUCTS INC.,641163502,259566,22MS,NORTH KANSAS CITY
ILLYRIAN IMPORT INC.,483061527,248285,LS,ROCHESTER
INDBEVERAGES LLC,90212,277831,LS,BEVERLY HILLS
INDIAN PEAKS BREWING CO.,805015809,172001,22S,LONGMONT
INDIAN SPRINGS BREWING COMPANY LLC,648501810,246662,22MS,NEOSHO
INDIAN SPRINGS BREWING COMPANY LLC,648507936,246664,22MS,NEOSHO
INDIGENOUS SELECTIONS LLC,333061905,175171,22S,FORT LAUDERDALE
INDIGO WINE GROUP LLC,342855532,169750,22S,VENICE
INFINITE MONKEY THEOREM, THE,802052314,236136,22S,DENVER
INFINIUM SPIRITS INC.,92101,242177,LS,SAN DIEGO
INNOVINO INTERNATIONAL INC.,333212954,246706,22S,TAMARAC
INTERACTIONS AND TRANSACTIONS INC.,945591927,238990,LS,NAPA
INTERCONTINENTAL PACKAGING COMPANY,55120,277830,LS,MENDOTA HEIGHTS
INTERCONTINENTAL PACKAGING COMPANY,185170000,280750,22S,TAYLOR
INTERNATIONAL CELLARS LLC,201669578,248989,22S,STERLING
INTERNATIONAL DISTILLERS & VINTERS LTD.,982036030,246986,LS,EVERETT
INTERTRADE USA COMPANY,600893621,184993,LS,BUFFALO GROVE
INTERVINE INC,94558,280860,22S,NAPA
IONIA ATLANTIC IMPORTS LLC,63043,176479,22S,MARYLAND HEIGHTS
IRON KETTLE BREWING LLC,640299701,272609,22MS,GRAIN VALLEY
ISHAMS ORDINARY LLC,65201,253684,LMS,COLUMBIA
J CREEK, LLC,640799335,267730,22MS,PLATTE CITY
J. LOHR WINERY CORPORATION,951262739,40974,22S,SAN JOSE
J. PEDRONCELLI WINERY,954419638,163212,22S,GEYSERVILLE
J.W. THOMAS, LLC,945599715,280614,22S,NAPA
JACK POUST & COMPANY INC.,101700499,205162,22S,NEW YORK
JACKALOPE CELLARS LLC,971159021,265683,22S,DUNDEE
JACKSON FAMILY ENTERPRISES INC.,954031069,199573,22S,SANTA ROSA
JACKSON STREET BREW CO., LLC,637751336,239653,MICB,PERRYVILLE
JACOB RIEGER & COMPANY LLC,641201501,262923,LMS,KANSAS CITY
JAM CELLARS INC.,945586202,244414,22S,NAPA
JANDELL SELECTIONS LTD.,106013554,206651,LS,WHITE PLAINS
JARVIS,945589615,211123,22S,NAPA
JAX VINEYARDS LLC,941071812,191420,22S,SAN FRANCISCO
JC-ARANDAS INC.,640298642,176604,LS,GRAIN VALLEY
JDSO INC.,503137700,269970,LS,DES MOINES
JDW MANAGEMENT LLC,648659491,271538,MICB,SENECA
JEAN CLAUDE BOISSET WINES USA INC.,945741645,219435,LS,ST. HELENA
JEFFERSON COUNTY CIDER WORKS LLC,525568622,281338,22S,FAIRFIELD
JEM BEVERAGE COMPANY LLC,762584189,244077,LS,PILOT POINT
JFC INTERNATIONAL INC.,601335477,121476,22S,HANOVER PARK
JIM BEAM BRANDS CO.,606541103,225198,LS,CHICAGO
JINRO AMERICA INC.,907032315,240523,LS,CERRITOS
JOHN ANTHONY VINEYARDS LLC,945580000,244416,22S,NAPA
JOKER'S JUICE LLC,752252840,281634,LS,DALLAS
JOLLY FOX BREWERY, LLC, THE,667625205,268509,22S,PITTSBURG
JOSEPH PHELPS VINEYARDS LLC,945749544,166421,22S,ST. HELENA
JOSEPH VICTORI WINES INC.,117433317,111759,22S,HUNTINGTON
JUJU LABS INC,65559,279601,22MS,ST JAMES
JUJU LABS INC,65559,279609,LS,ST JAMES
JUSTIN VINEYARDS & WINERY LLC,934469792,197210,22S,PASO ROBLES
JVW CORPORATION,954489003,174317,22S,HEALDSBURG
KALEIDOSCOPE COFFEE ROASTERS LLC,63701,275655,22MS,CAPE GIRARDEAU
KALEIDOSCOPE COFFEE ROASTERS LLC,63703,275656,22MS,CAPE GIRARDEAU
KAMEN WINES LLC,954762805,177539,22S,SONOMA
KANSAS CITY BIER COMPANY LLC,641141843,257710,22MS,KANSAS CITY
KANSAS CITY CIDER COMPANY LLC,64501,248080,DOMW,ST. JOSEPH
KANSAS TERRITORY BREWING CO.,669681908,239882,22S,WASHINGTON
KANZLER VINEYARDS LLC,954722662,250761,22S,SEBASTOPOL
KATY BREWING COMPANY,63376,244147,MICB,ST. PETERS
KBK BOTTLING, LLC,66223,271997,LS,OVERLAND PARK
KC PUMPKIN PATCH LLC,660619600,268510,22S,OLATHE
KC WINEWORKS LLC,641081817,236027,DOMW,KANSAS CITY
KC WINEWORKS, LLC,635523526,225126,DOMW,MACON
KEESAMAN, REBECCA A.,644740000,201485,DOMW,OSBORN
KELTOI VINEYARD LLC,648559129,254441,22MS,ORONOGO
KENTUCKY BOURBON DISTILLERS LTD.,400042200,199104,LS,BARDSTOWN
KERMIT LYNCH WINE MERCHANT,947021317,66956,22S,BERKELEY
KERWIN ESTATE LLC,945151804,258989,22S,CALISTOGA
KEVIN WHITE WINES LLC,980728281,271014,22S,WOODINVILLE
KIMBERTON WINES LLC,94558,279841,22S,NAPA
KING DAVID'S WINERY LLC,639019691,236473,DOMW,POPLAR BLUFF
KING DAVID'S WINERY LLC,63901,279738,MICB,POPLAR BLUFF
KING ESTATE WINERY LIMITED PARTNERSHIP,974059715,118009,22S,EUGENE
KINSELLA ESTATES WINERY LLC,954484838,230354,22S,HEALDSBURG
KISMET WINE INC.,954769292,257110,22S,SONOMA
KITFOX VINEYARDS LLC,954729782,200051,22S,SEBASTOPOL
KLEIN FOODS INC.,954489523,49912,22S,HEALDSBURG
KLINKER BRICK WINERY INC.,952409331,235883,22S,LODI
KNIGHTS BRIDGE WINERY, LLC,945151701,271998,22S,CALISTOGA
KOBRAND CORPORATION,105772100,13897,LS,PURCHASE
KOVAL INC.,606131199,193332,LS,CHICAGO
KREBS BREWING CO., INC.,745018846,252815,22S,MCALESTER
KROOKED MOON DISTILLERY LLC,65066,265480,LMS,OWENSVILLE
KRUTZ FAMILY CELLARS LLC,954031917,273873,22S,SANTA ROSA
KUENZEL VALLEY WINERY LLC,630682335,203421,DOMW,NEW HAVEN
KYSELA PERE ET FILS LTD.,226024566,173306,LS,WINCHESTER
LA GRANJA WINERY INC.,934467613,229630,22S,PASO ROBLES
LABATT USA OPERATING CO LLC,142033079,246636,22S,BUFFALO
LABELLA WINERY LLC,640978100,196513,DOMW,WELLINGTON
LACHANCE VINEYARDS LLC,630204779,223374,DOMW,DE SOTO
LADOGA RIDGE VINEYARD & WINERY LLC,640898739,197179,22MS,SMITHVILLE
LAGOSTA WINE CO., LLC,954030000,273391,22S,SANTA ROSA
LAGUNITAS BREWING COMPANY, THE,949541113,235216,22S,PETALUMA
LAIRD & COMPANY,077249724,57959,LS,SCOBEYVILLE
LAIRD FAMILY ESTATE LLC,945581326,184824,22S,NAPA
LAKE BUMS BREWCO LLC,65729,273562,MICB,PONTIAC
LAKE CREEK WINERY LLC,633572292,243314,22MS,MARTHASVILLE
LAKE OF THE OZARKS BREWING COMPANY LLC,650653336,263193,MICB,OSAGE BEACH
LAMBS AND VINES WINERY, INC.,657460000,217506,DOMW,SEYMOUR
LAND OF RICHES, LLC,945592101,278372,22S,NAPA
LANGDON SHIVERICK INC.,900142004,176087,22S,LOS ANGELES
LANGE WINERY LLC,971159771,235269,22S,DUNDEE
LANGMAN ESTATE WINERY LLC,956678881,256956,22S,PLACERVILLE
LASZLO CORPORATION,633047119,188634,22MS,ST. PETERS
LATITUDE BEVERAGE COMPANY,105280000,269553,LS,HARRISON
LAURENT-PERRIER US, INC.,111011636,110242,22S,LONG ISLAND CITY
LAWLESS DISTILLING COMPANY LLC,55406,271790,LS,MINNEAPOLIS
LAWRENCE BEER COMPANY LLC,660443166,267383,22S,LAWRENCE
LAZY MAGNOLIA BREWING CO., LLC,395568000,220604,22S,KILN
LCF WINE COMPANY LLC,952209187,256778,22S,ACAMPO
LDF SALES & DISTRIBUTING INC.,672264536,258777,22S,WICHITA
LDM WINES, INC,10013,268809,22S,NEW YORK
LE CEP II INC.,97111,269540,22S,CARLTON
LEAKY ROOF MEADERY LLC,656224500,219829,22MS,BUFFALO
LEELANAU WINE CELLARS LTD.,496740000,277925,22S,OMENA
LEFGROUP LLC,288032396,281449,22S,ASHEVILLE
LEMMON TREE IMPORTS, LLC,322469921,280752,LS,JACKSONVILLE
LEONARD KREUSCH INC.,076472406,85819,LS,NORTHVALE
LEONARD WINE COMPANY LLC,945584732,234957,22S,NAPA
LEONARDINI FAMILY WINERY LLC,945749775,210624,22S,ST. HELENA
LEONETTI CELLAR LLC,993629052,226937,22S,WALLA WALLA
LES BOURGEOIS VINEYARDS INC.,65279,266723,LMS,ROCHEPORT
LEVECKE CORPORATION,917523235,111624,LS,MIRA LOMA
LEWIS, KENNETH W.,636708754,199577,DOMW,STE. GENEVIEVE
LF WINES LLC,954927706,248869,22S,WINDSOR
LIDESTRI BEVERAGES LLC,146064250,261245,LS,ROCHESTER
LIFTED SPIRITS DISTILLATION LLC,64108,268816,LMS,KANSAS CITY
LILE WINE LLC,641113667,220514,LS,KANSAS CITY
LIME VENTURES,945208552,273079,22S,CONCORD
LIMERICK LANE CELLARS INC.,954489537,247766,22S,HEALDSBURG
LIMITLESS BREWING LLC,662151260,279463,22S,LENEXA
LINCOLN SQUARE WINE COMPANY LLC,93446,243510,22S,PASO ROBLES
LINDWEDEL WINE GARDEN LLC,656166136,190656,22MS,BRANSON
LINGUA FRANCA LLC,973049714,267487,22S,SALEM
LION NATHAN USA INC.,662102151,196759,22S,OVERLAND PARK
LLAURADOR WINES LLC,949301637,247846,22S,FAIRFAX
LMR WINE ESTATES LLC,945749807,272423,22S,ST. HELENA
LO-FI WINES LLC,934279580,268004,22S,BUELLTON
LOCAL CHOICE INC.,294928411,274637,LS,CHARLESTON
LOEST AND MCNAMEE INC.,191394526,162345,22S,PHILADELPHIA
LOGBOAT BREWING COMPANY LLC,652014782,220648,MICB,COLUMBIA
LOHR DISTRIBUTING COMPANY, INC.,631043511,194578,LS,ST. LOUIS
LONELY OAK DISTILLERY LLC,515300000,274523,LS,EARLING
LONG ISLAND SPIRITS INC.,11933,248154,LS,BAITING HOLLOW
LONG, KRISTY I. & KEVIN LEE,653503622,215471,22MS,SMITHTON
LOOSEN BROS. USA LTD.,970458496,155765,22S,OREGON CITY
LORBERT IMPORTS, LLC,631321307,265137,LS,ST. LOUIS
LOST ART TAPROOM LLC,65336,281461,MICB,KNOB NOSTER
LOST CREEK VINEYARD LLC,633573534,198426,DOMW,MARTHASVILLE
LOST SIGNAL BREWING COMPANY LLC,658061240,242220,MICB,SPRINGFIELD
LOUIS GLUNZ BEER INC.,607122740,200366,LS,LINCOLNWOOD
LOUIS P BALDUCCI VINEYARDS LLC,633321617,279153,DOMW,AUGUSTA
LOVERBOY, INC.,100382784,280908,5S,NEW YORK
LOWDEN SCHOOLHOUSE CORPORATION,993600111,183251,22S,LOWDEN
LUCA MARIANO DISTILLERY, LLC,481706001,279990,LS,PLYMOUTH
LUCKENBACH ROAD WHISKEY DISTILLERY LLC,786247456,281849,LS,FREDERICKSBURG
LUDWIG, GREGORY LYNN,637557161,237573,22MS,JACKSON
LUJON WINE CELLARS INC.,97005,274822,22S,BEAVERTON
LUNA UMBRA WINERY LLC,64730,270235,DOMW,BUTLER
LUNEAU USA INC.,068805959,146158,LS,WESTPORT
LUXCO, INC.,441111501,280041,LS,CLEVELAND
LUXCO, INC.,63139,280042,LMS,ST. LOUIS
LYRA, LLC,940806524,269926,LS,SOUTH SAN FRANCISCO
M DISTILLERY, LLC,761071932,280362,LS,FORT WORTH
M.S. WALKER INC.,021360000,193090,LS,BOSTON
MACH FLYNT INC.,945039604,228164,LS,AMERICAN CANYON
MACK & SCHUHLE, INC,331491556,268006,LS,KEY BISCAYNE
MAGNUM SOURCE LLC,641113667,165123,22S,KANSAS CITY
MAIN & MILL BARRELWORKS LLC,630281903,267170,22MS,FESTUS
MAIN AND MILL BREWING COMPANY LLC,630281907,242860,22MS,FESTUS
MAINE BEER COMPANY LLC,040327009,257328,22S,FREEPORT
MAISONS MARQUES & DOMAINES USA INC.,946074104,75623,22S,OAKLAND
MAJOR BRANDS INC.,631432623,178675,LS,ST. LOUIS
MALLINSON MANOR INC.,640501102,214536,DOMW,SUGAR CREEK
MANCAN WINE LLC,945035106,260625,22S,AMERICAN CANYON
MANGO BOTTLING INC.,329225208,96998,LS,COCOA
MANOS, INC.,641081714,224975,22MS,KANSAS CITY
MANY GOOD THINGS, LLC,637017322,273974,MICB,CAPE GIRARDEAU
MARA INTERNATIONAL GROUP,917731469,274636,LS,SAN DIMAS
MARK ANTHONY BRANDS INC.,606615644,274679,LS,CHICAGO
MARK HEROLD WINES LLC,95476,255843,22S,SONOMA
MARKET VINEYARDS LLC,993527754,195243,22S,RICHLAND
MARQUEE SELECTIONS LLC,641113667,271988,22S,KANSAS CITY
MARTIN BROTHERS VINEYARD & WINERY LLC,650410000,247334,22MS,HERMANN
MARTIN RAY WINERY INC.,954013705,127358,22S,SANTA ROSA
MARUSSIA BEVERAGES USA, INC.,079272009,228393,LS,CEDAR KNOLLS
MARY MICHELLE WINERY & VINEYARD LLC,620161175,148361,22S,CARROLLTON
MARZ COMMUNITY BREWING CO,606091321,271715,22S,CHICAGO
MASCOT WINE LLC, THE,945620000,249839,22S,OAKVILLE
MASON, CARL E.,637716241,213735,DOMW,ORAN
MASSANOIS LLC,10016,224079,22S,NEW YORK
MASSICAN LLC,945151310,253282,22S,CALISTOGA
MAST-JAEGERMEISTER US, INC.,106061947,233931,LS,WHITE PLAINS
MASTERMIND VODKA INC.,620406408,203589,LS,PONTOON BEACH
MATCHVINO, LLC,060690000,270056,22S,SHARON
MATHANY FAMILY VINEYARDS LLC,65017,267245,DOMW,BRUMLEY
MATTHIASSON FAMILY VINEYARDS,945586214,246604,22S,NAPA
MAURITSON FAMILY WINERY,954488230,197327,22S,HEALDSBURG
MAYACAMAS VINEYARDS,945589566,251113,22S,NAPA
MAYSARA WINERY LLC,971288551,269541,22S,MCMINNVILLE
MCBCO BREWERY LLC,641451672,219856,MICB,KANSAS CITY
MCBRIDE SISTERS COLLECTIONS INC.,934017938,264165,22S,SAN LUIS OBISPO
MCCLEAN LLC,934224811,269328,22S,ATASCADERO
MCCORMICK DISTILLING CO INC.,64098,260347,LMS,WESTON
MCCORMICK DISTILLING CO INC.,64098,267042,LMS,WESTON
MCCORMICK WINE IMPORTS, LLC,631193765,242081,22S,WEBSTER GROVES
MCCRACKEN ANCESTRAL SPIRITS DISTILLERY,65649,263050,LMS,FAIR PLAY
MCINTOSH AGRICULTURAL CONSORTIUM LLC,651019481,258724,LS,JEFFERSON CITY
MEAD HALL LLC,633014879,274725,22MS,ST. CHARLES
MEAN MULE DISTILLING CO LLC,641081401,251134,LMS,KANSAS CITY
MEIER'S WINE CELLARS INC.,452363733,257127,LS,SILVERTON
MELVIN BREWING COMPANY LLC,831280000,256955,22S,ALPINE
MELVIN BREWING EUREKA LLC,63025,261939,MICB,EUREKA
MENDOCINO WINE GROUP, LLC,954823015,275331,22S,UKIAH
MERAMEC VINEYARDS WINERY LLC,65559,255777,LMS,ST. JAMES
MERCENARY BREWERY & DISTILLERY LLC,606471930,271179,LS,CHICAGO
MERCER WINE ESTATES LLC,993506572,214444,22S,PROSSER
MERCHANT DU VIN CORPORATION,984024497,99681,22S,TACOMA
MERIDIAN PRIME INC.,112314808,272901,22S,BROOKLYN
METAMORPHOSIS LLC,945749558,280359,22S,ST. HELENA
METTLER WINES LLC,952409331,238204,22S,LODI
MEV CORPORATION,950709729,141962,22S,SARATOGA
MEXCOR INC.,77070,189465,LS,HOUSTON
MEYER CELLARS LLC,954940294,183570,22S,YORKVILLE
MHW LTD.,110303022,254113,LS,MANHASSET
MI SUENO WINERY INC.,945586209,210439,22S,NAPA
MICHAEL SKURNIK WINES INC.,117532710,258245,LS,JERICHO
MID-OAK DISTILLERY INC.,604691547,254811,22S,POSEN
MIDNIGHT CELLARS INC.,934469670,272955,22S,PASO ROBLES
MILBRANDT FAMILY WINES LLC,993506733,239313,22S,PROSSER
MILLER FAMILY WINE COMPANY LLC,934551505,274528,22S,SANTA MARIA
MILLIE B.JONES IRREVOCABLE TRUST J.JONES,993490000,227065,22S,MATTAWA
MILTON'S DISTRIBUTING CO., INC.,020481805,280720,LS,MANSFIELD
MINGLEWOOD BREWERY LLC,637017326,224874,MICB,CAPE GIRARDEAU
MISA IMPORTS INC.,752356222,185221,LS,DALLAS
MISSOURI BEER COMPANY LLC,633661926,247836,22MS,O'FALLON
MISSOURI RIDGE DISTILLERY LLC,656160000,238879,LMS,BRANSON
MISSOURI STATE UNIVERSITY-MOUNTAIN GROVE,657112999,134902,LMS,MOUNTAIN GROVE
MISTARR WINE IMPORTERS,945102930,249150,22S,BENICIA
MKNZ LLC,63088,251851,MICB,VALLEY PARK
MMAD SPIRITS DISTILLERY LLC,657751832,270185,LMS,WEST PLAINS
MODERN BREWERY INC., THE,631100000,233795,22MS,ST. LOUIS COUNTY
MODERN SPIRITS LLC,900211733,189825,LS,LOS ANGELES
MODERN TIMES DRINKS INC.,921104441,262742,22S,SAN DIEGO
MOET HENNESSY USA, INC.,100070040,147056,LS,NEW YORK
MOLSON COORS BEVERAGE COMPANY USA LLC,532082816,251753,22S,MILWAUKEE
MONSIEUR TOUTON SELECTION LTD.,100016206,205653,LS,MANHATTAN
MONTAGU WINES LLC,945581019,262636,22S,NAPA
MONTCALM WINE IMPORTERS LTD.,100070010,223245,22S,NEW YORK
MORE THAN GRAPES LLC,60062,247433,22S,NORTHBROOK
MORGAN STREET BREWERY AND TAVERN INC.,631022518,89485,MICB,ST LOUIS
MORGAN WINERY INC.,939014355,91114,22S,SALINAS
MORGEN LONG WINE LLC,973049714,271429,22S,SALEM
MORLET SELECTION, INC., THE,945749655,178724,22S,ST HELENA
MORLEY WINERY LLC,954489122,272497,22S,HEALDSBURG
MORTENSEN NAATZ ENTERPRISES LLC,640989282,202145,DOMW,WESTON
MORTENSEN NAATZ ENTERPRISES LLC,644840000,241815,22MS,RUSHVILLE
MOSLAUTERHOUSE LLC,63601,279405,MICB,PARK HILLS
MOTHERS BREWING CO LLC,658062001,194145,22MS,SPRINGFIELD
MOUNTAIN CREST SRL LLC,535662055,190266,22S,MONROE
MOUNTAIN VALLEY VINEYARDS INC.,954398819,228052,22S,FULTON
MOUNTAIN VIEW VINTNERS LLC,950373201,231323,22S,MORGAN HILL
MPL BRANDS NV INC,891695972,267849,LS,LAS VEGAS
MPL BRANDS NV INC,97031,277805,5S,HOOD RIVER
MRMJ LLC,65020,279975,22MS,CAMDENTON
MS WINES, LLC,954723495,271418,22S,SEBASTOPOL
MTBC LLC,634013324,223794,MICB,HANNIBAL
MTG WINERY LLC,656164181,274168,DOMW,BRANSON
MUDDY BANKS BREWING COMPANY LLC,63080,280447,MICB,SULLIVAN
MULE 2.0 LLC,558022446,243153,22S,DULUTH
MUTUAL TRADING CO., INC.,917311130,245774,LS,EL MONTE
MYRTLE'S DISTILLED SPIRITS, LLC,648502008,260670,LMS,NEOSHO
NAKED SPIRITS LLC,63144,267005,LMS,ST. LOUIS
NAPA WINE COMPANY LLC,945620434,205375,22S,OAKVILLE
NAPA WINE PARTNERS LP,945581100,201193,22S,NAPA
NAPA WINERY GROUP LLC,945581324,263835,22S,NAPA
NASHVILLE BARREL COMPANY, LLC,37210,277277,LS,NASHVILLE
NATIVE SON BREWERY, LLC,652014898,192474,MICB,COLUMBIA
NATURAL MYSTIC INC.,946191361,279836,22S,OAKLAND
NATURAL SELECTIONS 357 LLC,949541200,258848,22S,PETALUMA
NAYLOR CREEK VINEYARD, INC.,641532212,198777,DOMW,KANSAS CITY
NBI ACQUISTION LLC,947101521,210180,22S,BERKELEY
NEBRASKA BREWING CO. INC.,681285701,258774,22S,LA VISTA
NEVER FORGET BRANDS LLC,29457,276994,LS,ISLE OF PALMS
NEW AXIOM LLC,640642977,260672,22MS,LEE'S SUMMIT
NEW BELGIUM BREWING COMPANY, INC,805242457,269581,22S,FORT COLLINS
NEW MEXICO WINERIES INC.,880309033,194449,22S,DEMING
NEW PARROTT & COMPANY,945509149,102340,22S,LIVERMORE
NEW VAVIN INC.,945749657,203590,22S,ST. HELENA
NEW VINELAND, LLC,934364901,281128,22S,LOMPOC
NEXTERRA WINE COMPANY LLC,605171123,265758,22S,WOODRIDGE
NEXUS BRANDS LLC,802212910,242782,22S,DENVER
NICHOLSON JONES SELECTIONS LLC,945583847,237203,LS,NAPA
NIEBAUM-COPPOLA ESTATE WINERY LP,945730000,168434,22S,RUTHERFORD
NIMBLE BREWING LLC,64108,268607,22MS,KANSAS CITY
NLV TEQUILA BOTTLING LLC,890307850,250232,LS,N. LAS VEGAS
NO NAME BREWING COMPANY LLC,63011,282053,MICB,ELLISVILLE
NOBLETONS LLC,63357,256650,LMS,MARTHASVILLE
NOBOLEIS VINEYARDS LLC,633321333,181549,22MS,AUGUSTA
NORTH COAST BREWING COMPANY INC.,954373215,273645,22S,FORT BRAGG
NORTH SHORE DISTILLERY LLC,600489724,187907,LS,GREEN OAKS
NORTHERN EMPIRE LLC,945581100,201192,22S,NAPA
NORTHLAND WINE EXPERIENCES LLC,640981206,266077,22MS,WESTON
NORTHWEST NATURAL SPIRITS LLC,97209,269542,LS,PORTLAND
NOVA WINES INC,94562,276395,22S,OAKVILLE
NUCLEAR WINE COMPANY, LLC,934561004,279638,22S,SANTA MARIA
NUDE BEVERAGES, INC.,803016113,269816,5S,BOULDER
NUMBSKUL BEVERAGE COMPANY LLC,600603826,236070,22S,MUNDELEIN
NW WINE COMPANY LLC,971159028,218055,22S,DUNDEE
O'MALLEY'S OF WESTON LLC,640981242,155120,22MS,WESTON
O'MALLEY'S OF WESTON LLC,640981249,276315,LMS,WESTON
O'NEILL BEVERAGES CO., LLC,936489708,190265,LS,PARLIER
OAK RIDGE WINERY LLC,952400804,155162,22S,LODI
OAKGLENN WINERY LLC,650410096,201397,22MS,HERMANN
OCTOPI BREWING LLC,535978947,244290,22S,WAUNAKEE
ODELL BREWING COMPANY INC.,805242507,270574,22S,FT. COLLINS
ODESSA COUNTRY WINERY LLC,640765412,160448,DOMW,ODESSA
OF THE EARTH FARM DISTILLERY LLC,64085,210590,LMS,RICHMOND
OFF TRAIL COLLECTIVE INC.,801188608,274524,LS,LARKSPUR
OLD BAKERY BEER COMPANY, THE,620022405,233615,22S,ALTON
OLD BRIDGE BREWING INC.,630902537,272310,22MS,WASHINGTON
OLD BRIDGE CELLARS,945592424,167584,22S,NAPA
OLD DOMINICK DISTILLERY LLC,381034111,258948,LS,MEMPHIS
OLD ELK DISTILLERIES LLC,805244727,256677,LS,FORT COLLINS
OLD FARM WINERY LLC,631051917,244978,22MS,CATAWISSA
OLD OZARKIAN DISTILLERY LLC,63084,262811,LMS,UNION
OLD ROAD CRAFT SPIRITS INC,65441,279949,LMS,BOURBON
OLDE WORLD IMPORTS INC,071054402,281635,LS,NEWARK
OLDE WORLD IMPORTS INC.,071054402,185963,LS,NEWARK
OLE IMPORTS LLC,108016560,198981,22S,NEW ROCHELLE
OLE SMOKY DISTILLERY LLC,377383183,219048,LS,GATLINBURG
OLEA ESTATES LLC,630432417,267520,22S,MARYLAND HEIGHTS
OLIVER WINE COMPANY INC.,474040000,274530,22S,BLOOMINGTON
ONE EIGHT DISTILLING LLC,200021622,272903,LS,WASHINGTON
ONE TRUE VINE LLC,945749667,280030,22S,ST. HELENA
ONX WINERY INC.,934465989,254629,22S,PASO ROBLES
OPICI IMPORT COMPANY,074523301,136435,LS,GLEN ROCK
OPOLO WINES LP,934463033,260916,LS,PASO ROBLES
OREGON BREWING COMPANY INC.,973655261,162583,LS,NEWPORT
ORIGINATION BREWING COMPANY LLC,640158013,272568,22MS,BLUE SPRINGS
ORVINO IMPORTS & DISTRIBUTING INC.,330653164,246156,22S,CORAL SPRINGS
OTT ENTERPRISES LLC,63631,195418,LS,CALEDONIA
OUTLAW CIGAR COMPANY INC, THE,64116,272537,22MS,NORTH KANSAS CITY
OVUM WINES, LLC,971327376,268744,22S,NEWBERG
OWL PARTNERS, LLC,65109,281148,22MS,JEFFERSON CITY
OZARK BEER VENTURES, LLC,727566601,271561,22S,ROGERS
OZARK DISTILLERY LLC,650654815,212764,LMS,OSAGE BEACH
OZARK MOUNTAIN DISTILLING LLC,657348708,240323,LMS,PURDY
OZARK MOUNTAIN WINERY LLC,656336301,211115,DOMW,CRANE
OZARK VIKING MEADERY LLC,655601547,275389,DOMW,SALEM
OZARKS BREWING COMPANY LLC,657756140,246442,MICB,WEST PLAINS
P&L GLOBAL TRADING INC.,900360000,273458,LS,LOS ANGELES
PABST BREWING COMPANY LLC,782052991,253046,LS,SAN ANTONIO
PACIFIC EDGE MARKETING GROUP,913016308,163273,LS,AGOURA HILLS
PADDLE STOP BREWERY LLC,63068,280689,MICB,NEW HAVEN
PAL-MAC LLC,640242210,253451,MICB,EXCELSIOR SPRINGS
PALI WINE COMPANY LP,934369777,269543,22S,LOMPOC
PALISADES WINE COMPANY LLC,945159728,233934,22S,CALISTOGA
PALM BAY INTERNATIONAL INC.,334314919,215613,LS,BOCA RATON
PALMATEER CONSULTING, LLC,949600000,269609,22S,SAN ANSELMO
PAMPA BEVERAGES LLC,331313138,225529,LS,MIAMI
PANEBIANCO LLC,100017524,271016,22S,NEW YORK
PANTHER CREEK CELLARS LLC,971155003,246399,22S,DUNDEE
PARK STREET IMPORTS LLC,331313004,193331,LS,MIAMI
PARK WINE COMPANY INC.,940254713,262637,22S,MENLO PARK
PATERNO IMPORTS LTD.,600441926,131098,LS,LAKE BLUFF
PATHLIGHT BREWING, LLC,662141203,279832,22S,SHAWNEE
PATTON, DENNIS R., & SILVERSTEIN, ANDREA,954013728,244699,22S,SANTA ROSA
PAUL HOBBS IMPORTS INC.,954722327,146939,22S,SEBASTOPOL
PAUL J. WRABEC CO. INC.,640541544,255258,DOMW,SUGAR CREEK
PAULANER USA LLC,106043432,241871,22S,WHITE PLAINS
PAX MAHLE WINES LLC,954723495,257788,22S,SEBASTOPOL
PEACEFUL BEND VINEYARD LLC,655655067,253151,22MS,STEELVILLE
PEACHY CANYON WINERY,934468753,205656,22S,PASO ROBLES
PECULIAR WINERY LLC, THE,64078,269666,22MS,PECULIAR
PEIRANO ESTATE WINERY INC.,945039695,266024,22S,AMERICAN CANYON
PEJU FAMILY OPERATING PARTNERSHIP, LP,945730478,250795,22S,RUTHERFORD
PENELOPE BOURBON LLC,072032760,279987,LS,ROSELLE
PENNINGTON WINES LLC,64836,282137,22MS,CARTHAGE
PEPPER BRIDGE WINERY LLC,993627132,280031,22S,WALLA WALLA
PERENNIAL PARTNERS LLC,631113535,199015,22MS,ST. LOUIS
PERNOD RICARD USA LLC,10601,133289,LS,WHITE PLAINS
PERSIMMON RIDGE VINEYARD LLC,630121792,195656,DOMW,BARNHART
PETIT HAMEAU LLC,945591998,247773,22S,NAPA
PETRICHOR BREWING LLC,63368,278983,22MS,O'FALLON
PHANTOM V DISTILLING COMPANY LLC,64093,274581,LMS,WARRENSBURG
PHILLIPS FARMS LLC,952429292,165457,22S,LODI
PHUSION PROJECTS LLC,546014471,229273,LS,LA CROSSE
PINE MOUNTAIN VINEYARDS, LLC,954258507,260070,22S,CLOVERDALE
PINE RIDGE WINERY LLC,945589417,66330,22S,NAPA
PINEY RIVER BREWING CO LLC,654449002,194954,MICB,BUCYRUS
PINK DUCK CORPORATION,662212290,242352,LS,OVERLAND PARK
PINNACLE IMPORTS LLC,631146124,109462,22S,OVERLAND
PIPEWORKS PRODUCTION LLC,606475972,279842,22S,CHICAGO
PIRTLE WINERY LLC,640981230,207348,22MS,WESTON
PISTOLAS FRITAS LLC,63388,275520,LS,WILLIAMSBURG
PL BRANDS INC.,600741156,211621,LS,PALATINE
PLATA WINE PARTNERS LLC,945587565,221788,22S,NAPA
PLUME RIDGE IRREVOCABLE TRUST,917115766,186977,22S,CLAREMONT
POG BREWING COMPANY,647348015,264201,MICB,CLEVELAND
POPCORN DESIGN LLC,954483613,168838,LS,HEALDSBURG
PORT WASHINGTON IMPORTS LLC,110504653,239174,22S,PORT WASHINGTON
POST WINERY INC.,728219001,120785,22S,ALTUS
POWERPLAY BEVERAGE LLC,630492684,253933,LS,HIGH RIDGE
PRAIRIE WOLF SPIRITS, INC.,730443243,267942,LS,GUTHRIE
PRECEPT BRANDS LLC,981023662,139533,LS,SEATTLE
PRECISION BRAND COLLECTION WINE & SPIRIT,956120000,270421,22S,CLARKSBURG
PREHISTORIC BREWING COMPANY, LLC,65804,269641,22MS,SPRINGFIELD
PREMIUM PORT WINES INC.,941034842,81506,22S,SAN FRANCISCO
PRESQUILE WINERY,934555811,257327,22S,SANTA MARIA
PRESTIGE IMPORTS LLC,480432255,259789,LS,MT. CLEMENS
PRESTIGE WINE IMPORTS CORPORATION,100118945,80909,22S,NEW YORK
PRESTIGE WORLDWIDE WINE COMPANY LLC,954039015,277847,22S,SANTA ROSA
PRICHARD'S DISTILLERY INC.,373480000,238641,LS,KELSO
PRISON BREWS LLC,651014002,172481,MICB,JEFFERSON CITY
PRIVATEER INTERNATIONAL LLC,019380000,274525,LS,IPSWICH
PROFESSIONAL JET SERVICES LLC,606300000,273392,5S,CHICAGO
PROST BEVERAGE COMPANY, LLC,349814613,277660,LS,FORT PIERCE
PROST BREWING COMPANY,802113910,269730,22S,DENVER
PROXIMO SPIRITS INC.,07302,171204,LS,JERSEY CITY
PRP ENTERPRISES LLC,46368,269544,LS,PORTAGE
PUBLIC HOUSE BREWING COMPANY LLC, THE,655591158,226475,22MS,ST. JAMES
PUBLIC HOUSE BREWING COMPANY, LLC, THE,654013111,226448,22MS,ROLLA
PUENTE-INTERNACIONAL, INC.,954766357,279349,LS,SONOMA
PURE HOLDINGS LLC,631144501,267222,LS,ST. LOUIS
PURPLE WINE COMPANY, LLC,954449373,131144,22S,GRATON
QUADY SOUTH WINERY LLC,936379087,231918,22S,MADERA
QUANTUM WINES, LLC,934279492,260856,22S,BUELLTON
QUASH SELTZER LLC,333322313,279843,5S,PEMBROKE PINES
QUILCEDA CREEK VINTNERS INC,982905727,281129,22S,SNOHOMISH
QUINTESSENTIAL LLC,945590000,241791,LS,NAPA
R.F. BEVERAGE, LLC,601261601,268912,LS,ELMHURST
R.H. KEENAN COMPANY,945749677,107437,22S,ST. HELENA
R.S. LIPMAN COMPANY, LLC,372073903,269554,LS,NASHVILLE
RACINE WINE CO.,971488422,232442,22S,YAMHILL
RAGE RECORDS INC.,124461534,251689,22S,KERHONKSON
RAHR & SONS BREWING LP,761043355,239548,22S,FORT WORTH
RAMEY WINE CELLARS, INC.,954484003,276820,22S,HEALDSBURG
RANCH HAND LLC,787029650,280214,22S,AUSTIN
RANDOLPH IMPORTING LLC,752051502,281450,LS,DALLAS
RANSOM SPIRITS LLC,973789725,271180,LS,SHERIDAN
RARE BARREL LLC, THE,947102523,263459,22S,BERKELEY
RASA VINEYARDS LLC,993627760,234800,22S,WALLA WALLA
RB WINE ASSOCIATES LLC,954480000,205652,22S,HEALDSBURG
RBZ VINEYARDS LLC,934460000,203855,22S,PASO ROBLES
RED BARN FOOD & WINE LLC,641021032,162981,22MS,KANSAS CITY
RED FOX WINERY & VINEYARDS LLC,647888149,216308,22MS,URICH
RED MOOSE VINEYARD LLC,655605431,218522,22MS,SALEM
RED SASH BREWING LLC,641081410,276528,MICB,KANSAS CITY
REDEMPTION SPIRITS LLC,194051066,200115,LS,BRIDGEPORT
REDMONT DISTILLING COMPANY LLC,35222,280721,LS,BIRMINGHAM
REED, ROGER V.,640687939,237766,DOMW,LIBERTY
REED'S INC,06851,281337,22S,NORWALK
REEVE WINES LLC,954769295,238639,22S,SONOMA
REGAL BRAU BREWING COMPANY LLC,535662055,216817,22S,MONROE
REGAL WINE IMPORTS INC.,080574240,193042,22S,MOORESTOWN
REMY COINTREAU USA,101040051,15355,LS,NEW YORK
REN ACQUISITION, INC.,94574,275143,22S,ST HELENA
REPUBLIC OF PINK INC,934658673,275002,22S,TEMPLETON
RESERVA WINES LLC,336053510,277421,22S,TAMPA
RESTLESS SPIRITS DISTILLING COMPANY LLC,641160000,234009,LMS,NORTH KANSAS CITY
REUSTLE VINEYARDS & WINERY LLC,974719679,258311,22S,ROSEBURG
REVEL SPIRITS, INC,945585451,280363,LS,NAPA
REVELRY VINTNERS LLC,993627002,200785,22S,WALLA WALLA
REVOLVER BREWING, LLC,760495347,260249,22S,GRANBURY
RHINELANDER BREWING COMPANY LLC,535662055,196762,22S,MONROE
RHYS VINEYARDS LLC,950339588,250206,22S,LOS GATOS
RIDGE VINEYARDS INC.,950145435,62647,22S,CUPERTINO
RIGHTEOUS ROAD LLC,63132,260390,LS,SAINT LOUIS
RIVER BOTTOMS BREWING COMPANY LLC,646331203,243936,MICB,CARROLLTON
RIVER RIDGE WINERY LLC,63780,244115,DOMW,SCOTT CITY
RIVERBENCH LLC,934549656,269855,22S,SANTA MARIA
RO SALES AND DISTRIBUTION SERVICES INC.,954769779,202846,22S,SONOMA
ROBERT FOLEY, LLC,945089774,193478,22S,ANGWIN
ROBERT MONDAVI INVESTMENTS & B PR R,945620000,126026,22S,OAKVILLE
ROBLLER VINEYARD INC.,630682102,209878,DOMW,NEW HAVEN
ROCHE MERE WINE SELECTIONS LLC,672064408,243064,22S,WICHITA
ROCHESTER BREWING AND ROASTING CO. LLC,641082130,260513,22MS,KANSAS CITY
ROCK TOWN DISTILLERY INC.,722022712,243154,LS,LITTLE ROCK
ROCKIN'A DISTILLERY LLC,647398610,245141,LMS,CREIGHTON
ROCKWELL BEER COMPANY LLC,631102325,258422,22MS,ST. LOUIS
ROCKY TOP ENTERPRISES LLC,650414045,252167,LMS,HERMANN
RODINIA LLC,601621457,196170,22S,HILLSIDE
ROESSLER WINE CELLAR LLC,954762817,202017,22S,SONOMA
ROOTED SELECTIONS LLC,73142,259650,22S,OKLAHOMA CITY
ROOTS RUN DEEP LLC,945587583,177761,22S,NAPA
ROSE IMPORTING & DISTRIBUTING LLC,604182205,110837,22S,CRESTWOOD
ROSIER FARMS DISTILLING CO. LLC,64470,272693,LMS,MOUND CITY
ROUGHTAIL BREWING COMPANY, LLC,731142313,279996,22S,OKLAHOMA CITY
ROUND HILL CELLARS,945749542,36276,22S,ST HELENA
ROYAL WINE CORPORATION,070025024,33057,LS,BAYONNE
RTM IMPORTS, LLC,78212,271999,LS,SAN ANTONIO
RTV WINERY LLC,934549179,232653,22S,SANTA MARIA
RUBIN WINES LLC,954722158,208527,22S,SEBASTOPOL
RUDYANDDON LLC,64108,263661,MICB,KANSAS CITY
RUSSELL HOUSE LLC, THE,630503587,252085,MICB,HILLSBORO
RUSSIAN STANDARD VODKA (USA) INC.,100162901,220077,LS,NEW YORK
S & H INDEPENDENT PREMIUM BRANDS EAST,802021075,249740,22S,DENVER
S L J GROUP INC.,60045,62619,22S,LAKE FOREST
S L J GROUP INC.,431379676,265384,22S,LOCKBOURNE
S&H INDEPENDENT PREMIUM BRANDS WEST, LLC,940806816,279831,22S,SOUTH SAN FRANCISCO
SAGAMORE WHISKEY LLC,212305012,267430,LS,BALTIMORE
SAINTE GENEVIEVE WINERY LLC,636701609,189676,DOMW,STE. GENEVIEVE
SALOON SPIRITS LLC,402996339,242353,LS,LOUISVILLE
SALT LAKE CITY DISTILLERY LLC,841153424,278806,LS,S SALT LAKE
SAMANDIA WINE IMPORTS LLC,801285455,255746,22S,LITTLETON
SAMUEL BERTON DISTILLING LLC,630551223,258401,LMS,LABADIE
SAN ANTONIO WINERY INC.,900312514,118410,22S,LOS ANGELES
SAN JOAQUIN WINE COMPANY INC.,936378608,235535,22S,MADERA
SAND CREEK VINEYARD AND WINERY LLC,636407345,216242,DOMW,FARMINGTON
SANDHILLS BREWING KC LLC,662023323,279844,22S,MISSION
SANGLIER SELECTIONS LLC,603023135,221526,LS,OAK PARK
SANS LIEGE INC.,934492532,219504,22S,PISMO BEACH
SANS WINE & SPIRITS COMPANY,927825104,200620,LS,TUSTIN
SANTA CROCE LLC,945921025,252774,LS,VALLEJO
SANTA MARGHERITA USA INC.,331391400,226947,LS,MIAMI BEACH
SAPPORO USA INC.,105915413,275446,22S,TARRYTOWN
SARMENTO'S IMPORTS & EXPORTS INC.,027204724,227512,LS,FALL RIVER
SAUGATUCK BREWING COMPANY INC.,494065195,236137,22S,DOUGLAS
SAVAGE GRACE WINES, LLC,986510000,268513,22S,UNDERWOOD
SAVIO SOARES SELECTIONS CORP,100017504,277417,22S,NEW YORK
SAXONY HILLS BREWERY LLC,637326113,251583,22MS,ALTENBURG
SAZERAC COMPANY INC.,701302420,13924,LS,NEW ORLEANS
SAZERAC NORTH AMERICA INC.,402233819,182155,LS,LOUISVILLE
SBRAGIA FAMILY VINEYARDS LLC,954419686,219969,22S,GEYSERVILLE
SCENIC ROOT WINEGROWERS LLC,94558,244168,22S,NAPA
SCHAEFER, CHRISTIAN PETER,910304011,208526,22S,SOUTH PASADENA
SCHEID VINEYARDS CALIFORNIA INC.,939279605,214331,22S,GREENFIELD
SCHILLING CIDER LLC,980012461,277420,22S,AUBURN
SCHNAER FAMILY WINES, LLC,660612304,280000,22S,OLATHE
SCHOENFELD, DANIEL T,954219550,268913,22S,CAZADERO
SCHOENWEID FARM LLC,633571792,228921,LMS,MARTHASVILLE
SCOPERTA IMPORTING CO INC.,441181732,240705,22S,CLEVELAND HEIGHTS
SCRATCH BREWING COMPANY, LLC,629072658,272681,22S,AVA
SEATTLE CIDER COMPANY LLC,981342360,272417,22S,SEATTLE
SELECTIONATUREL, LLC,01938,273154,22S,IPSWICH
SELECTIVE WINE ESTATES, INC.,079363301,158578,22S,EAST HANOVER
SENS3S LLC,954729790,262638,22S,SEBASTOPOL
SERENDIPITY WINES LLC,787544579,263824,LS,AUSTIN
SERGE DORE SELECTIONS, LTD,10590,279830,22S,SOUTH SALEM
SERGE IMPORT LLC,189662934,227655,LS,HOLLAND
SERRALLES USA LLC,069023550,207460,LS,STAMFORD
SEVEN SPRINGS WINERY LLC,650523507,204277,22MS,LINN CREEK
SHACKSBURY HOLDINGS, INC.,054918905,274823,22S,VERGENNES
SHAFER VINEYARDS INC.,945589748,62567,22S,NAPA
SHAND IMPORT LLC,910164244,226817,LS,MONROVIA
SHANNON RIDGE INC.,954232037,176224,22S,CLEARLAKE OAKS
SHAPLEY, JEREMY,722275836,183954,22S,LITTLE ROCK
SHAW-ROSS INTERNATIONAL IMPORTERS LLC,330276612,200654,LS,MIRAMAR
SHAWNEE BLUFF DISTILLERIES LLC,65026,258891,LMS,ELDON
SHAWNEE BLUFF WINERY LLC,650499700,258812,22MS,LAKE OZARK
SHED HORN CELLARS LLC,954610000,234523,22S,MIDDLETOWN
SHERIDAN VINEYARD INC.,98953,269329,22S,ZILLAH
SHERRING BREWING COMPANY LLC, THE,630432503,277150,MICB,MARYLAND HEIGHTS
SHOW-ME BREWING LLC,658041425,238768,MICB,SPRINGFIELD
SIERRA NEVADA BREWING COMPANY INC.,959286722,69613,22S,CHICO
SIGNATURE SELECTIONS LLC,197023352,242952,22S,NEWARK
SIGNORELLO, RAYMOND,945581100,201194,22S,NAPA
SILVERADO VINEYARDS, THE,945589415,220834,22S,NAPA
SINGHA NORTH AMERICA INC.,940651422,188021,5S,REDWOOD CITY
SKINNER VINEYARDS LLC,956849583,240883,22S,FAIR PLAY
SLEEPING GIANT BREWING COMPANY LLC,802044803,272001,22S,DENVER
SLEIGHT OF HAND CELLARS LLC,993627134,211797,LS,WALLA WALLA
SLIM CHILLERS INC.,891151733,259651,LS,LAS VEGAS
SLO DOWN WINES LLC,945586216,265378,22S,NAPA
SMART DISTRIBUTORS LLC MIDWEST,631321625,228151,LS,CREVE COEUR
SMITH-ANDERSON ENTERPRISES INC.,945592546,117864,22S,NAPA
SMOKE BREWING COMPANY LLC,64063,243968,MICB,LEE'S SUMMIT
SMT ACQUISITIONS LLC,334310000,239853,LS,BOCA RATON
SNI VALLEY VINEYARDS & WINERY LLC,640677143,195906,22MS,LEXINGTON
SNI VALLEY VINEYARDS & WINERY LLC,64067,261221,DOMW,LEXINGTON
SOCIAL ENJOYMENTS LLC,563201624,246988,22S,COLD SPRING
SOKOL BLOSSER LTD.,971147232,228397,22S,DUNDEE
SOLEMN OATH BREWERY LLC,605403969,261849,22S,NAPERVILLE
SOMERSET RIDGE VINEYARD & WINERY LLC,641461462,250396,22MS,KANSAS CITY
SOMMELIER IMPORTS, INC.,113782305,271281,22S,MASPETH
SORTING TABLE, LLC, THE,945589739,162489,22S,NAPA
SOUL FLOWER WINE CO.,934244974,281632,22S,ARROYO GRANDE
SOULARD ISLAND LLC,631044137,250140,LMS,ST. LOUIS
SOUTHERN GLAZER'S WINE & SPIRITS OF MO.,633014367,240755,LS,ST. CHARLES
SOUTHERN STARZ, INC.,926491129,137396,22S,HUNTINGTON BEACH
SOUTHERN TIER BREWING COMPANY LLC,147509779,265153,22S,LAKEWOOD
SOUTHERN WINE GROUP LLC,945030000,193889,22S,AMERICAN CANYON
SOUTHWEST SPIRITS & WINE LLC,752205334,251114,LS,DALLAS
SOVEREIGN BRANDS LLC,600353030,281451,LS,HIGHLAND PARK
SPANISH WINE IMPORTERS LLC,201092375,268317,22S,MANASSAS
SPARKLING OREGON LLC,971284201,248293,22S,MCMINNVILLE
SPARTA BEVERAGE GROUP INC.,641163830,253857,LS,NORTH KANSAS CITY
SPB LLC,544815232,182830,22S,STEVENS POINT
SPEAKEASY MISSOURI LLC,64120,274584,LS,KANSAS CITY
SPEAKEASY SPIRITS LLC,372092286,219116,LS,NASHVILLE
SPENCER MANOR VINEYARDS AND WINERY LLC,655598464,260400,22MS,ST. JAMES
SPINCO, LLC,05753,277189,5S,MIDDLEBURY
SPINDRIFT SPIKED CO., LLC,024581075,281124,5S,NEWTON
SPIRIT KNOB WINERY INC.,623762027,186435,LS,URSA
SPIRITED BLUFFS LLC,641051705,272968,LS,KANSAS CITY
SPLINTER GROUP NAPA LLC,945586214,238264,LS,NAPA
SPOTTSWOODE WINERY INC.,945742354,211126,22S,ST. HELENA
SQUARE ONE ORGANIC SPIRITS LLC,229039324,274527,LS,CHARLOTTESVILLE
SQUIX LLC,934279565,268315,22S,BUELLTON
ST LOUIS BREWERY LLC, THE,633013489,273443,22MS,SAINT CHARLES
ST. AMAND TRADE, LLC,665260000,271276,LS,PAXICO
ST. AUGUSTINE INVESTMENTS LLC,921030000,273925,22S,SAN DIEGO
ST. FRANCOIS VINEYARD LLC,636018226,166036,22MS,PARK HILLS
ST. GEORGE SPIRITS INC.,945017541,200117,LS,ALAMEDA
ST. JAMES WINERY INC.,655591158,61668,22MS,ST. JAMES
ST. JAMES WINERY INC.,655591158,241557,DOMW,ST. JAMES
ST. JORDAN CREEK INC.,630131503,189116,22MS,BEAUFORT
ST. JOSEPH BEER LLC,645010000,254897,MICB,ST. JOSEPH
ST. JOSEPH BEER, LLC,641051797,274161,MICB,KANSAS CITY
ST. KILLIAN IMPORTING CO., INC.,021495518,242898,LS,EVERETT
ST. LOUIS BREWERY LLC, THE,631432406,270923,22MS,MAPLEWOOD
ST. LOUIS BREWERY LLC, THE,631031616,270930,22MS,ST. LOUIS
ST. LOUIS DISTILLERY, LLC,633033815,196682,LMS,ST. CHARLES
ST. LOUIS WINE & BEERMAKING LLC,63017,241928,MICB,TOWN AND COUNTRY
ST. ROMEDIUS LLC,94558,280569,22S,NAPA
ST. SUPERY INC.,945730000,239375,22S,RUTHERFORD
STAGLIN FAMILY VINEYARD LLC,945730680,148013,22S,RUTHERFORD
STANLEY STAWSKI DISTRIBUTING COMPANY INC,60191,251173,LS,WOOD DALE
STAR CATCHER BEVERAGES LLC,24083,280500,22S,DALEVILLE
STE. MICHELLE WINE ESTATES LTD.,980726981,39939,LS,WOODINVILLE
STEELE CREST WINERY LLC,637557752,220251,22MS,JACKSON
STEEPLE VIEW MANOR LLC,630682624,258228,22MS,NEW HAVEN
STENNETT ENTERPRISES LLC,656163549,166886,MICB,BRANSON
STEPHAN VINEYARD INC.,934466613,139249,22S,PASO ROBLES
STEPHEN DOOLEY WINE CO INC,934017502,280751,22S,SAN LUIS OBISPO
STEWART CELLARS LLC,954096494,220480,22S,SANTA ROSA
STILL 630 LLC,631043612,210070,LMS,ST. LOUIS
STIRM WINE COMPANY LLC,95076,253490,22S,WATSONVILLE
STOCKYARDS BREWING COMPANY LLC,641021044,236474,MICB,KANSAS CITY
STOLI GROUP (USA) LLC,100222050,219647,LS,NEW YORK
STOLLER IMPORTS INC.,600677417,126101,LS,PALATINE
STONE BREWING CO LLC,920294158,246351,22S,ESCONDIDO
STONE HILL WINE COMPANY, INC.,650411280,260153,22MS,HERMANN
STONE HILL WINE COMPANY, INC.,65041,260154,DOMW,HERMANN
STONE THE CROWS LLC,945740000,238515,22S,ST. HELENA
STONEHAUS FARMS VINEYARD & WINERY LLC,640869513,94578,DOMW,LEE'S SUMMIT
STORYBOOK MOUNTAIN WINERY INC.,945159739,175360,22S,CALISTOGA
STRANGE DAYS BREWING CO LLC,641061119,250342,22MS,KANSAS CITY
STRONG SPIRITS DISTILLING INC.,641524443,209294,LMS,PARKVILLE
SUGAR CREEK ACQUISITION LLC,630433701,255847,LMS,MARYLAND HEIGHTS
SUGAR CREEK WINERY INC,633413103,276551,DOMW,DEFIANCE
SUGARLANDS DISTILLING COMPANY LLC,377380000,238012,LS,GATLINBURG
SUGARMILL DISTILLERY LLC,638010000,248911,LMS,SIKESTON
SUGARMILL DISTILLING LLC,638013920,265532,LMS,SIKESTON
SUNDANCE SPIRITS COMPANY,320828209,273151,LS,PONTE VEDRA BEACH
SUNNYE RIDGE WINERY LLC,662244572,211679,LS,LEAWOOD
SURLY BREWING CO,554293940,246409,22S,BROOKLYN CENTER
SURO INTERNATIONAL IMPORTERS INC.,191036340,266212,LS,PHILADELPHIA
SUTTER HOME WINERY INC.,945742204,211974,LS,ST. HELENA
SVP WINERY LLC,934610195,176398,22S,SHANDON
SVW, LLC,652515166,202909,22MS,FULTON
SWEETWATER BREWING COMPANY LLC,303243924,273394,22S,ATLANTA
SWEETWATER DISTILLERY LLC,63456,267365,LMS,MONROE CITY
SWICK WINE CELLARS LLC,971326684,281633,22S,NEWBERG
T ELENTENY HOLDINGS LLC,100132269,219802,LS,NEW YORK
T. EDWARD WINES LTD.,100072113,252773,LS,NEW YORK
T'S REDNECK STEAKHOUSE, INC.,655367361,209105,LMS,LEBANON
TABLE BLUFF BREWING INC.,95503,241909,22S,EUREKA
TAFT STREET INC.,954722555,186888,22S,SEBASTOPOL
TAKARA SAKE USA INC.,947101925,231015,LS,BERKELEY
TALL PINES DISTILLERY MO LLC,648540000,267633,LMS,NOEL
TASHA'S INC.,971288560,230356,22S,MCMINNVILLE
TATTERSALL COMPANIES LLC,554131451,247434,LS,MINNEAPOLIS
TAVOLO VIGNETO LLC,631236133,217148,LS,ST. LOUIS
TEMPERANCE DISTILLING COMPANY,481828900,270783,LS,TEMPERANCE
TENN SOUTH DISTILLERY LLC,384725006,274526,LS,LYNNVILLE
TEQUILAS PREMIUM, INC,941333930,276178,LS,SAN FRANCISCO
TERRA FIRMA USA INC,633014332,197952,LS,ST. CHARLES
TERRANEO MERCHANTS, INC.,607123918,268911,LS,LINCOLNWOOD
TERRAVANT WINE COMPANY LLC,934279565,264839,22S,BUELLTON
TERRE BEAU VINEYARDS LLC,640227800,188539,22MS,DOVER
TGE LLC,970582905,201550,22S,THE DALLES
THIENOT USA, INC.,934466613,270058,22S,PASO ROBLES
THINK GLOBAL LLC,931013241,237754,22S,SANTA BARBARA
THIRD LEAF WINES LLC,949651447,260157,22S,SAUSALITO
THIRTY-SEVEN LLC,954037416,266715,22S,SANTA ROSA
THIS REALM LLC,945589419,242606,22S,NAPA
THOMAS ALLEN VINEYARDS & WINERY LLC,95242,256775,22S,LODI
THOMAS FOGARTY WINERY LLC,940288156,233614,22S,PORTOLA VALLEY
THREE RANGERS LLC,973789213,263821,LS,SHERIDAN
TIE & TIMBER BEER CO LLC,658023356,250965,22MS,SPRINGFIELD
TIE & TIMBER BEER CO LLC,658023356,250983,22MS,SPRINGFIELD
TIMBER RIDGE WINERY LLC,650782700,272719,22MS,STOVER
TOLLIVER RANCH BRANDS LLC,934469616,267683,22S,PASO ROBLES
TOM'S TOWN DISTILLING COMPANY, LLC,641081368,233107,LMS,KANSAS CITY
TOP HAT WINERY LLC,640500000,234655,DOMW,INDEPENDENCE
TOPPLING GOLIATH INC.,52101,253697,22S,DECORAH
TORN LABEL BREWING COMPANY, LLC,641081524,227088,22MS,KANSAS CITY
TOWE, JODY B.,920291251,248457,22S,ESCONDIDO
TR WINES, INC,978627331,279346,22S,MILTON FREEWATER
TRADEBRIGHT, LLC,200055802,281850,LS,WASHINGTON
TRANSPARENT BREWING COMPANY LLC,640304348,270069,MICB,GRANDVIEW
TREANA WINERY LLC,934466309,119659,22S,PASO ROBLES
TREASURY WINE ESTATES AMERICAS COMPANY,945586291,90464,LS,NAPA
TREFETHEN VINEYARDS WINERY INC.,945581303,63400,22S,NAPA
TRENTADUE WINERY LLC,954410000,237752,22S,GEYSERVILLE
TRI-STAR MARKETING INC.,945981531,177922,22S,WALNUT CREEK
TRI-VIN IMPORTS INC.,108017402,245380,22S,NEW ROCHELLE
TRIM WINES LLC,945581100,208525,22S,NAPA
TRINITY RIVER DISTILLERY LLC,76102,275144,LS,FORT WORTH
TRIONE VINEYARDS LLC,954419310,212641,22S,GEYSERVILLE
TRIPLE SSS VENTURES LLC,656160000,241656,LMS,BRANSON
TRIPLE SSS VENTURES LLC,65616,241657,LMS,BRANSON
TRIPLE SSS VENTURES LLC,65616,267373,LMS,BRANSON
TRUCHARD, ANTHONY M.,945599701,219430,22S,NAPA
TRULY FLORAL LLC,631193802,259255,LS,ST. LOUIS
TRUVINO, INC.,550820000,273533,LS,STILLWATER
TUCK BECKSTOFFER WINES LLC,945749664,175294,22S,ST. HELENA
TURLEY WINE CELLARS INC.,945749660,263825,22S,ST. HELENA
TURNBULL WINE CELLARS,945620029,82924,22S,OAKVILLE
TWAINS VINEYARD OPERATIONS, LLC,636647804,272881,DOMW,POTOSI
TWELVE PERCENT LLC,10550,247266,22S,MOUNT VERNON
TWIN MEADOWS WINERY LLC,652632150,245559,DOMW,MADISON
TWIN OAKS VINEYARD LLC,636407340,176474,LMS,FARMINGTON
TWIN PEAKS WINERY INC.,945999471,134413,22S,YOUNTVILLE
TWISTED COPPER INC.,63363,259571,DOMW,NEW FLORENCE
TWO PLUMBERS BREWERY LLC,633015806,260812,22MS,ST. CHARLES
TWO PLUMBERS BREWERY LLC,63303,276154,22MS,ST. CHARLES
UGLY DOG DISTILLERY, LLC,48118,268007,LS,CHELSEA
UINTA BREWING COMPANY,841044215,264212,22S,SALT LAKE CITY
UMLAUT BREWING LLC,606473453,255845,22S,CHICAGO
UNA FAMILIA SPIRITS, LLC,661062953,278384,LS,KANSAS CITY
UNCLE BOBS BREWPUB LLC,657147809,269368,MICB,NIXA
UNDERGROUND WINE PROJECT LLC,993524152,252229,22S,RICHLAND
UNION HORSE DISTILLING CO., LLC,662141520,204901,LS,LENEXA
UNITED BRANDS COMPANY INC.,921213819,258246,22S,SAN DIEGO
UNITED BRANDS LLC,337013421,267108,22S,ST. PETERSBURG
UNITED SPIRITS, INC.,038652793,280034,LS,PLAISTOW
UNITED STATES BEVERAGE LLC,069025921,177074,LS,STAMFORD
UNITED STATES DISTILLED PRODUCTS CO,553712300,148641,LS,PRINCETON
UNLICENSED EXCISE TAX,,999997,LS,
UNTOUCHABLES BREWERY LLC,65714,282010,MICB,NIXA
URBAN CHESTNUT BREWING COMPANY INC.,631031218,196745,22MS,ST. LOUIS
URBAN CHESTNUT BREWING COMPANY INC.,631102113,220898,22MS,ST. LOUIS
URBAN CHESTNUT BREWING COMPANY INC.,631102103,240951,22MS,ST. LOUIS
USA WINE IMPORTS INC.,10013,280686,LS,NEW YORK
USA WINE WEST LLC,94965,280685,LS,SAUSALITO
V & C LLC,98620,272998,22S,GOLDENDALE
V AND L HOLDINGS LLC,64020,247678,LMS,CONCORDIA
VALCKENBERG INTERNATIONAL INC.,60014,247297,22S,CRYSTAL LAKE
VALHALLA IMPORTS LLC,98115,251752,LS,SEATTLE
VAN DUZER VINEYARDS LLC,973389339,122006,22S,DALLAS
VAN TILL AGRI LANDS LLP,640848275,227716,22MS,RAYVILLE
VAN TILL AGRI LANDS LLP,64024,280066,22MS,EXCELSIOR SPRINGS
VANDER MILL LLC,495032011,250888,22S,GRAND RAPIDS
VCH LLC,630174806,200784,22MS,CHESTERFIELD
VEGGIECOUPLE LLC,63011,273397,MICB,BALLWIN
VEN-CAL RANCHES LLC,945580141,210056,22S,OAKVILLE
VENGE VINEYARDS INC.,94515,268159,22S,CALISTOGA
VENTURE MACDUFF LLC,989449771,268910,22S,SUNNYSIDE
VERITASI LIMITED COMPANY,64063,270242,LMS,LEE'S SUMMIT
VERMEIL WINE GROUP LLC,945150000,190916,22S,CALISTOGA
VERMONT HARD CIDER COMPANY LLC,057531477,253899,22S,MIDDLEBURY
VERTICAL PALATE WINE CO LLC,952208700,280358,22S,ACAMPO
VIADER VINEYARDS INC.,945769715,249116,22S,DEER PARK
VIANDEL VINEYARD LLC,655488092,256334,22MS,MOUNTAIN VIEW
VIAS IMPORTS LTD.,100013565,67068,LS,NEW YORK
VIEUX VINS INC.,940051241,183331,22S,BRISBANE
VIGNETTE WINERY LLC,94558,272496,22S,NAPA
VILLA ANTONIO LTD,630503818,128210,DOMW,HILLSBORO
VILLA ANTONIO LTD.,63050,260867,MICB,HILLSBORO
VILLA ANTONIO LTD.,63050,282153,MICB,HILLSBORO
VILLA CREEK INC,934469692,278373,22S,PASO ROBLES
VILLAGE-BRH LLC, THE,631314314,278732,LMS,DES PERES
VIN DE ZO LLC,934364951,280002,22S,LOMPOC
VIN DIVINO LTD.,606420000,225276,LS,CHICAGO
VINAMERICAS INC.,331384663,217477,LS,MIAMI
VINE CONNECTIONS LLC,949651433,259447,LS,SAUSALITO
VINE DIRECT LLC,626263828,277924,22S,CALINVILLE
VINE STREET BREWING LLC,641080000,280810,MICB,KANSAS CITY
VINEBURG, LLC,954769615,186234,22S,SONOMA
VINEYARD BRANDS LLC,352034036,211124,LS,BIRMINGHAM
VINEYARD 29, LLC,945749701,192480,22S,ST. HELENA
VINIFERA IMPORTS LTD,117796801,149306,22S,RONKONKOMA
VINO DEL SOL INC.,934465976,188268,22S,PASO ROBLES
VINO LOGICS CORPORATION,025363978,241906,22S,EAST FALMOUTH
VINO.COM LLC,294647960,127310,LS,MT. PLEASANT
VINOCOPIA INC.,554232707,248158,22S,MINNEAPOLIS
VINOTECA, INC.,630432511,200848,22S,MARYLAND HEIGHTS
VINOVIA WINE GROUP INC.,926880000,226320,22S,RANCHO SANTA MARGARITA
VINTAGE '59 IMPORTS LLC,200151336,213185,LS,WASHINGTON
VINTAGE IMPORTS, LLC,802073713,260423,22S,DENVER
VINTAGE POINT, LLC,945741906,280032,22S,ST. HELENA
VINTAGE WINE ESTATES INC.,954038258,260940,LS,SANTA ROSA
VINTAGES, VINES AND WINE LLC,954096494,256390,22S,SANTA ROSA
VINTEGRITY LLC,641201223,205437,LS,KANSAS CITY
VINTUS LLC,10018,210751,LS,NEW YORK
VISION 29:11 INC.,630503534,233036,22MS,HILLSBORO
VITAL WINES INC.,993628661,273152,22S,WALLA WALLA
VITE GALLERON WINERY LLC,945749540,280215,22S,RUTHERFORD
VOLIO VINO IMPORTS, INC.,802064310,268771,22S,DENVER
VOTTO VINES IMPORTING INC.,065140000,234521,22S,HAMDEN
VOX VINEYARDS, INC.,641532698,218851,DOMW,KANSAS CITY
VWS MO LLC,641113667,267602,LS,KANSAS CITY
W.J. DEUTSCH & SONS LTD.,069013435,115904,LS,STAMFORD
WAGES LIMITED LLC,657750000,238655,MICB,WEST PLAINS
WAGNER WINE COMPANY LLC,945340000,208523,22S,FAIRFIELD
WALLA SQUARED LLC,993621053,270936,22S,WALLA WALLA
WARROOM VENTURES, LLC,934530000,269610,22S,SANTA MARGARITA
WARSTEINER IMPORTERS AGENCY INC.,450693846,237705,22S,WEST CHESTER
WASHINGTON VINTNERS LLC,993621810,217173,22S,WALLA WALLA
WATERWAY IMPORTS LLC,33952,273328,22S,PORT CHARLOTTE
WAVES CIDER COMPANY LLC,65201,270330,22MS,COLUMBIA
WAY DOWN WINES, LLC,972229203,277418,22S,PORTLAND
WAYBAR INC.,630712593,265303,22MS,RICHWOODS
WAYFARER LLC,954031917,272892,22S,SANTA ROSA
WAYPOINT BREWING LLC,65201,274254,MICB,COLUMBIA
WBWCO LLC,980728281,271185,22S,WOODINVILLE
WEBB, CLETIS L.,651095374,218353,DOMW,JEFFERSON CITY
WEBSTER BARNES LLC,33435,280504,LS,BOYNTON BEACH
WEEKSEND LLC,647782663,274483,22MS,RICHARDS
WEIBEL INC.,952400860,211676,22S,LODI
WEIN-BAUER INC.,601311215,48799,LS,FRANKLIN PARK
WEISS HOLDINGS LLC,650411148,244241,LMS,HERMANN
WELL OILED WINE COMPANY LLC,200075208,250960,22S,WASHINGTON
WELLSPENT BREWING OPERATIONS LLC,63103,280605,22MS,ST LOUIS
WELPMAN SPRINGS BREWING COMPANY LLC,650780000,237585,22MS,STOVER
WENWOOD FARM WINERY LLC,650142023,133323,22MS,BLAND
WEST BOTTOMS WHISKEYS LLC,641021021,272666,LMS,KANSAS CITY
WEST COAST WINE PARTNERS LLC,945592129,210753,22S,NAPA
WEST WINERY, LLC,635521654,169190,DOMW,MACON
WEST WINERY, LLC,635521654,170567,22MS,MACON
WESTERN SPIRITS BEVERAGE COMPANY LLC,830140000,186352,LS,WILSON
WESTPHALIA WINERY, LLC,650850000,164317,DOMW,WESTPHALIA
WESTPHALIA WINERY, LLC,65085,179362,DOMW,WESTPHALIA
WEYGANDT-METZLER IMPORTING LTD.,193750000,78717,22S,UNIONVILLE
WG BARR BEVERAGE COMPANY LP,945741761,254444,22S,ST. HELENA
WHISTLING SPRINGS BREWING COMPANY LLC,657458216,239366,MICB,SELIGMAN
WHITE ROOSTER FARMHOUSE BREWERY LLC,622861667,258310,22S,SPARTA
WI INC.,299283025,271897,LS,HILTON HEAD ISLAND
WICHITA BREWING COMPANY PRODUCTIONS, LLC,672114327,269817,22S,WICHITA
WILDERNESS TRACE DISTILLERY, LLC,404229654,274355,LS,DANVILLE
WILLIAM COLE VINEYARDS LLC,945749655,269668,22S,ST. HELENA
WILLIAM GRANT & SONS INC.,088373620,13884,LS,EDISON
WILLIAMS & SELYEM LLC,95448,244009,22S,HEALDSBURG
WILSON CREEK WINERY & VINEYARDS INC.,925915088,217969,22S,TEMECULA
WILSON DANIELS LLC,94559,228049,LS,NAPA
WIN IT TOO INC.,019492285,177511,LS,MIDDLETON
WINE BRIDGE IMPORTS INC,956166206,278809,22S,DAVIS
WINE COUNTRY INTERNATIONAL INC.,333111504,250601,22S,OAKLAND PARK
WINE CREEK LLC,954489721,179421,22S,HEALDSBURG
WINE GROUP INC.,953778106,13960,LS,TRACY
WINE HOOLIGANS LLC,954032000,223488,22S,SANTA ROSA
WINE SOURCE INC., THE,902481913,217754,22S,GARDENA
WINE WINE SITUATION,907551803,272947,22S,SIGNAL HILL
WINEBOW INC.,070589212,275996,LS,PINE BROOKE
WINERY DIRECT LLC,660463048,243232,22S,LAWRENCE
WINERY EXCHANGE, INC.,949476921,139991,LS,NOVATO
WINESELLERS LTD.,607143808,14098,22S,NILES
WINGS A BLAZIN INC.,65041,270491,MICB,HERMANN
WIRE ROAD BREWING COMPANY, LLC,65619,280057,MICB,BATTLEFIELD
WISD LLC,331335459,239777,22S,MIAMI
WISE MEN DISTILLERY LLC,495129330,273926,LS,KENTWOOD
WISEACRE LLC,38126,281127,LS,MEMPHIS
WOOD HAT SPIRITS LLC,633632500,214428,LMS,NEW FLORENCE
WOODMAR GROUP LLC, THE,945071494,177512,22S,ALAMO
WOODSMEN LLC,652572575,239481,LMS,HIGBEE
WOODWARD CANYON WINERY INC.,993609710,187326,22S,LOWDEN
WOOLER BRANDS INC.,930035620,269985,LS,VENTURA
WOORISOOL CORP.,60007,269670,LS,ELK GROVE VILLAGE
WORLD TRADE LIQUOR IMPORTS, LLC,780432358,273329,LS,LAREDO
WORLD'S END LLC,945031298,265757,22S,AMERICAN CANYON
WORLDWIDE CELLARS INC.,554211132,280200,22S,MINNEAPOLIS
WORLDWIDE LIBATIONS LLC,070597153,250635,LS,WARREN
WR BREWERY HOLDING LLC,658032631,273898,MICB,SPRINGFIELD
XXX DISTILLERY LLC,378628315,278807,LS,SEVIERVILLE
YAHARA BAY DISTILLERS INC.,537191947,185886,LS,FITCHBURG
YOUNTVILLE WINE IMPORTS, LLC,945996288,279833,22S,NAPA
ZEPHYR SPIRITS INC.,803012728,269330,LS,BOULDER
ZING ZANG,606114203,272948,LS,CHICAGO
ZIPLINE BREWING CO. LLC,685221027,235467,22S,LINCOLN
ZONIN U.S.A., INC.,331801411,140342,22S,AVENTURA
ZRS WINES LLC,11237,275445,22S,BROOKLYN
1ST AND 4TH INDUSTRIES LLC,65806,261407,MICB,SPRINGFIELD
10TH MOUNTAIN WHISKEY AND SPIRIT COMPANY,816370000,275330,LS,GYPSUM
21 HOLDINGS LLC,601853433,274090,LS,WEST CHICAGO
21ST AMENDMENT BREWERY CAFE LLC,945772334,274089,22S,SAN LEANDRO
21ST CENTURY SPIRITS LLC,900401822,171569,LS,COMMERCE
216 W LOCKWOOD MASTER TENANT LLC,631192309,278355,MICB,WEBSTER GROVES
22 HUNDRED CELLARS INC.,934465988,223936,22S,PASO ROBLES
3 BADGE BEVERAGE CORP.,954767014,200116,LS,SONOMA
3 TRAILS BREWING LLC,640502803,263496,22MS,INDEPENDENCE
3CM HOLDINGS, LLC,631133608,277919,LMS,ST LOUIS
3HALVES BREWING COMPANY LLC,64068,265774,MICB,LIBERTY
4 BY 4 BREWING COMPANY LLC,658044601,248131,MICB,SPRINGFIELD
4 HANDS BREWING COMPANY LLC,631043610,247117,LMS,ST. LOUIS
618SPIRITS LLC,63005,262881,LS,CHESTERFIELD
7C'S WINERY LLC,657708394,182330,DOMW,WALNUT GROVE
8 VINI INC.,945770000,216956,22S,SAN LEANDRO
801 DEGREES WOOD FIRED PIZZA & BREWERY,622692046,255157,22S,O'FALLON
903 BREWERS, LLC,75090,279835,22S,SHERMAN
